SYS,SYS,SYS,SYS,SYS,USERDEF,USERDEF,USERDEF,USERDEF,PORO,PORO,PORO,PORO,PORO,PORO,PORO,PORO,PORO,PORO,PORO,PORO,FLUORO,FLUORO,FLUORO,FLUORO,FLUORO,FLUORO,FLUORO,FLUORO,FLUORO,FLUORO,SENSOR,SENSOR,SENSOR,SENSOR,SENSOR,SENSOR,SENSOR,SENSOR,SENSOR,SENSOR,LEAF_ANGLE,LEAF_ANGLE,LEAF_ANGLE,LEAF_ANGLE,LEAF_ANGLE,LEAF_ANGLE,LEAF_ANGLE,LEAF_ANGLE,LEAF_ANGLE,LEAF_ANGLE,GPS,GPS,GPS,GPS,GPS,GPS,GPS,MATCH,MATCH,MATCH,STABILITY,STABILITY,STABILITY,STABILITY,STABILITY,STABILITY,P_CONFIG,P_CONFIG,P_CONFIG,P_CONFIG,FL_CONFIG,FL_CONFIG,FL_CONFIG,FL_CONFIG,FL_CONFIG,FL_CONFIG,FL_CONFIG,FL_CONFIG,FL_CONFIG,FL_CONFIG,FL_CONFIG,FL_CONFIG,FL_CONFIG,FL_CONFIG,FL_CONFIG,SENSOR_V,SENSOR_V,SENSOR_V,SENSOR_V,SENSOR_V,SENSOR_V,SENSOR_V,SENSOR_V,SENSOR_V,SENSOR_V,USERCAL,USERCAL,USERCAL,USERCAL,USERCAL,USERCAL,USERCAL,USERCAL,USERCAL,USERCAL,META,META,META,META,META,META,META
Obs#,Time,Date,configName,configAuthor,remark,Block,Row_Num,Plant_Num,gsw,gbw,gtw,E_apparent,VPcham,VPref,VPleaf,VPDleaf,H2O_r,H2O_s,H2O_leaf,leaf_area,flashID,Fo,Fm,Fv/Fm,Fs,Fm',PhiPS2,PS2/1,abs,ETR,rh_s,rh_r,Tref,Tleaf,P_atm,flow,flow_s,leak_pct,Qamb,batt,pitch,roll,heading,angle_inc_leaf,direct_pct,slope_leaf,az_leaf,dec_solar,az_solar,zenith_solar,gps_time,gps_date,latitude,longitude,altitude,gps_sats,gps_HDOP,match_time,match_date,rh_adj,gsw1sec,gsw2sec,gsw4sec,flr1sec,flr2sec,flr4sec,auto,flow_set,gsw_limit,gsw_period,dark,flash_type,flash_intensity,modrate,flr_limit,flr_period,P1_dur,P2_dur,P3_dur,P1_Fmax,P2_ramp,P2_slp,P3_Fmax,P3_Pred,P3_DeltaF,v_humA,v_humB,v_flowIn,v_flowOut,v_temp,v_irt,v_pres,v_par,v_F,i_LED,b_rhr,m_rhr,span_rhr,b_rhs,m_rhs,span_rhs,z_flowIn,z_flowOut,z_quantum,z_flr,flashId,lciSerNum,lcpSerNum,lcfSerNum,lcrhSerNum,version,configUpdatedAt
,HHMMSS,YYYYMMDD,,,,,,,mol+1m-2s-1,mol+1m-2s-1,mol+1m-2s-1,mmol+1m-2s-1,kPa,kPa,kPa,kPa,mmol+1mol-1,mmol+1mol-1,mmol+1mol-1,cm+2,,,,,,,,,,umol+1m-2s-1,%,%,C,C,kPa,umol+1sec-1,umol+1sec-1,%,umol+1m-2s-1,V,degrees,degrees,degrees,degrees,%,degrees,degrees,degrees,degrees,degrees,HHMMSS,YYYYMMDD,degrees,degrees,m,,,HHMMSS,YYYYMMDD,%,,,,,,,,umol+1sec-1,(umol+1m-2s-1)s-1,s,,,umol+1m-2s-1,Hz,s-1,s,ms,ms,ms,,%,,,,,V,V,V,V,V,V,V,V,V,A,,,,,,,,,,,,,,,,,
1,12:05:41,8/24/24,Autogsw_F1s,KellerLab,,F1A,0,9,0.785516,2.918031,0.618909,5.714077,1.716367,1.555325,2.63241,0.916042,15.339453,16.927744,25.962246,0.441786,PSF-00474_20240824120541,0,0,0,87.138893,236.599808,0.631703,0.5,0.8,343.326172,59.5,53.91,23.38,21.87,101.39,156.2,155.9,0.2,1359,3.934,16,3,207,50.18,64.03,16.27,-163.77,10.78,141.78,39.25,15:21:43,8/24/24,44.433784,-73.195641,98.099998,6,2,12:03:11,8/24/24,-0.29,-0.001,0,-0.007,-0.443,-0.975,-3.414,1,150,0.005,2,0,rectangular,7000,10,5,2,55537,55537,55537,0,-9999,0,0,0,0,2.489528,2.460356,1.662671,0.837286,0.290985,-0.015977,0.07265,1.266119,87.138893,0.000214,2.402632,-0.000055,1,2.369919,-0.000062,1,0.601405,0.600292,0.107003,0,PSF-00474_20240824120541,PFA-00562,PSA-00547,PSF-00474,RHS-0663,2.0.0,2024-07-11T20:02:46.325Z
2,12:06:17,8/24/24,Autogsw_F1s,KellerLab,,F1A,0,9,0.9131,2.918046,0.695476,5.922189,1.79673,1.629954,2.641257,0.844527,16.075052,17.719845,26.0488,0.441786,PSF-00474_20240824120617,0,0,0,96.93074,329.087372,0.705456,0.5,0.8,313.005585,61.58,55.86,23.57,21.92,101.4,156.2,155.9,0.2,1109,3.933,29,18,251,56.31,55.48,33.71,-142.83,10.78,142.12,39.14,15:22:18,8/24/24,44.433796,-73.195633,99.400002,7,1.72,12:03:11,8/24/24,-0.29,0.001,-0.003,0.052,0.287,0.901,1.93,1,150,0.005,2,0,rectangular,7000,10,5,2,55537,55537,55537,0,-9999,0,0,0,0,2.492156,2.463017,1.662686,0.837245,0.288794,-0.017528,0.077886,1.053273,96.93074,0.000215,2.402632,-0.000055,1,2.369919,-0.000062,1,0.601405,0.600292,0.107003,0,PSF-00474_20240824120617,PFA-00562,PSA-00547,PSF-00474,RHS-0663,2.0.0,2024-07-11T20:02:46.325Z
3,12:06:44,8/24/24,Autogsw_F1s,KellerLab,,F1A,0,9,0.821268,2.918393,0.640909,5.375088,1.772828,1.621469,2.60482,0.831992,15.99192,17.484713,25.690331,0.441786,PSF-00474_20240824120644,0,0,0,87.693932,236.507538,0.629213,0.5,0.8,295.215881,60.35,55.2,23.68,21.7,101.39,156.3,156,0.2,1173,3.931,25,8,210,58.99,51.52,26.17,-168.39,10.78,142.12,39.14,15:22:44,8/24/24,44.433807,-73.195541,103.099998,10,1.08,12:03:11,8/24/24,-0.29,0,0.001,0.001,0.477,0.953,-0.834,1,150,0.005,2,0,rectangular,7000,10,5,2,55537,55537,55537,0,-9999,0,0,0,0,2.491211,2.461386,1.663046,0.837403,0.287506,-0.021379,0.081729,1.107637,87.693932,0.000217,2.402632,-0.000055,1,2.369919,-0.000062,1,0.601405,0.600292,0.107003,0,PSF-00474_20240824120644,PFA-00562,PSA-00547,PSF-00474,RHS-0663,2.0.0,2024-07-11T20:02:46.325Z
4,12:08:21,8/24/24,Autogsw_F1s,KellerLab,,F1A,0,8,0.129092,2.919742,0.123626,2.690744,1.804271,1.728599,3.948702,2.144431,17.046907,17.793163,38.940872,0.441786,PSF-00474_20240824120821,0,0,0,94.716667,117.708206,0.195327,0.5,0.8,21.585337,59.66,57.15,24.16,28.68,101.4,156.5,156.1,0.3,276,3.929,25,14,335,14.52,96.81,28.43,-55.54,10.77,142.82,38.92,15:24:22,8/24/24,44.433823,-73.195572,103.300003,9,1.25,12:03:11,8/24/24,-0.29,-0.002,-0.002,-9999,-0.146,1.943,-9999,1,150,0.005,2,0,rectangular,7000,10,5,2,55537,55537,55537,0,-9999,0,0,0,0,2.493761,2.460346,1.664446,0.837579,0.281994,0.054884,0.095478,0.342687,94.716667,0.000212,2.402632,-0.000055,1,2.369919,-0.000062,1,0.601405,0.600292,0.107003,0,PSF-00474_20240824120821,PFA-00562,PSA-00547,PSF-00474,RHS-0663,2.0.0,2024-07-11T20:02:46.325Z
5,12:08:40,8/24/24,Autogsw_F1s,KellerLab,,F1A,0,8,0.256232,2.917435,0.235545,4.489694,1.870568,1.744158,3.749815,1.879248,17.20043,18.447046,36.979698,0.441786,PSF-00474_20240824120840,0,0,0,96.217278,131.977921,0.270959,0.5,0.8,141.366714,61.43,57.28,24.28,27.8,101.4,156.2,156.2,0,1304,3.929,18,12,317,25.92,89.94,21.52,-77.52,10.77,142.82,38.92,15:24:41,8/24/24,44.433826,-73.19558,103.800003,10,1.08,12:03:11,8/24/24,-0.29,0,0.002,-0.006,0.241,1.174,2.677,1,150,0.005,2,0,rectangular,7000,10,5,2,55537,55537,55537,0,-9999,0,0,0,0,2.493899,2.462628,1.662054,0.837901,0.280721,0.042767,0.098065,1.219698,96.217278,0.000212,2.402632,-0.000055,1,2.369919,-0.000062,1,0.601405,0.600292,0.107003,0,PSF-00474_20240824120840,PFA-00562,PSA-00547,PSF-00474,RHS-0663,2.0.0,2024-07-11T20:02:46.325Z
6,12:08:54,8/24/24,Autogsw_F1s,KellerLab,,F1A,0,8,0.374265,2.91758,0.331713,6.013986,1.915337,1.746104,3.702863,1.787526,17.219362,18.888275,36.516125,0.441786,PSF-00474_20240824120854,0,0,0,105.080727,134.667999,0.219705,0.5,0.8,56.568554,62.6,57.07,24.36,27.58,101.4,156.2,156.1,0.1,644,3.928,18,6,327,21.06,93.32,18.94,-51.78,10.77,142.82,38.92,15:24:54,8/24/24,44.433804,-73.195572,104.800003,11,1.02,12:03:11,8/24/24,-0.29,0.002,0.003,0.007,-0.463,-0.869,2.089,1,150,0.005,2,0,rectangular,7000,10,5,2,55537,55537,55537,0,-9999,0,0,0,0,2.49359,2.464131,1.662204,0.837656,0.279832,0.039235,0.099785,0.656123,105.080727,0.000223,2.402632,-0.000055,1,2.369919,-0.000062,1,0.601405,0.600292,0.107003,0,PSF-00474_20240824120854,PFA-00562,PSA-00547,PSF-00474,RHS-0663,2.0.0,2024-07-11T20:02:46.325Z
7,12:10:07,8/24/24,Autogsw_F1s,KellerLab,,F1A,0,7,0.662424,2.917363,0.539845,7.685008,1.927999,1.711694,3.334336,1.406338,16.877031,19.009762,32.87603,0.441786,PSF-00474_20240824121007,0,0,0,101.241943,145.495178,0.304156,0.5,0.8,218.934662,61.6,54.69,24.74,25.8,101.42,156.2,156.1,0,1800,3.927,13,0,314,25.96,89.91,13,-46,10.77,143.53,38.71,15:26:08,8/24/24,44.433819,-73.195557,106,11,1.02,12:03:11,8/24/24,-0.29,-0.005,-0.003,0.019,-0.745,-1.029,-2.409,1,150,0.005,2,0,rectangular,7000,10,5,2,55537,55537,55537,0,-9999,0,0,0,0,2.490206,2.462716,1.66198,0.837644,0.275613,0.013581,0.109565,1.642154,101.241943,0.000215,2.402632,-0.000055,1,2.369919,-0.000062,1,0.601405,0.600292,0.107003,0,PSF-00474_20240824121007,PFA-00562,PSA-00547,PSF-00474,RHS-0663,2.0.0,2024-07-11T20:02:46.325Z
8,12:10:28,8/24/24,Autogsw_F1s,KellerLab,,F1A,0,7,0.677311,2.917544,0.549698,8.299955,2.027557,1.794201,3.517141,1.489584,17.689749,19.990509,34.676918,0.441786,PSF-00474_20240824121028,0,0,0,104.88546,162.696716,0.355331,0.5,0.8,257.821991,64.35,56.94,24.85,26.7,101.43,156.2,156,0.1,1814,3.926,17,0,316,21.95,92.75,17,-44,10.77,143.53,38.71,15:26:29,8/24/24,44.433823,-73.195557,106.099998,11,1.02,12:03:11,8/24/24,-0.29,0.004,0.003,0.03,-0.874,-3.098,-0.793,1,150,0.005,2,0,rectangular,7000,10,5,2,55537,55537,55537,0,-9999,0,0,0,0,2.493275,2.466269,1.662166,0.837486,0.274396,0.022973,0.11224,1.654463,104.88546,0.000216,2.402632,-0.000055,1,2.369919,-0.000062,1,0.601405,0.600292,0.107003,0,PSF-00474_20240824121028,PFA-00562,PSA-00547,PSF-00474,RHS-0663,2.0.0,2024-07-11T20:02:46.325Z
9,12:10:45,8/24/24,Autogsw_F1s,KellerLab,,F1A,0,7,0.795406,2.917669,0.625016,10.315249,2.09618,1.806372,3.722206,1.626027,17.808609,20.66576,36.696384,0.441786,PSF-00474_20240824121045,0,0,0,108.130936,163.111923,0.337075,0.5,0.8,242.965302,66.12,56.98,24.95,27.67,101.43,156.2,156.3,0,1802,3.926,11,-8,306,26.18,89.74,13.57,-17.63,10.77,143.53,38.71,15:26:46,8/24/24,44.43383,-73.195587,106,10,1.08,12:03:11,8/24/24,-0.29,-0.001,-0.002,0.023,-0.614,0.721,4.542,1,150,0.005,2,0,rectangular,7000,10,5,2,55537,55537,55537,0,-9999,0,0,0,0,2.493297,2.468544,1.662296,0.837939,0.27328,0.033326,0.114445,1.644274,108.130936,0.000217,2.402632,-0.000055,1,2.369919,-0.000062,1,0.601405,0.600292,0.107003,0,PSF-00474_20240824121045,PFA-00562,PSA-00547,PSF-00474,RHS-0663,2.0.0,2024-07-11T20:02:46.325Z
10,12:11:14,8/24/24,Autogsw_F1s,KellerLab,,F1A,0,6,0.407414,2.917455,0.357492,5.07382,1.86363,1.720733,3.266738,1.403108,16.965487,18.374374,32.208256,0.441786,PSF-00474_20240824121114,0,0,0,110.792755,175.702209,0.369429,0.5,0.8,212.365082,58.27,53.81,25.1,25.45,101.43,156.2,155.6,0.4,1437,3.925,38,-4,232,49.82,64.52,38.18,-121.52,10.77,143.88,38.6,15:27:14,8/24/24,44.433846,-73.195595,106.599998,11,1.02,12:03:11,8/24/24,-0.29,0.004,0.002,0.024,-1.165,1.198,0.773,1,150,0.005,2,0,rectangular,7000,10,5,2,55537,55537,55537,0,-9999,0,0,0,0,2.488889,2.458277,1.662075,0.836724,0.271676,0.005308,0.118229,1.332989,110.792755,0.000218,2.402632,-0.000055,1,2.369919,-0.000062,1,0.601405,0.600292,0.107003,0,PSF-00474_20240824121114,PFA-00562,PSA-00547,PSF-00474,RHS-0663,2.0.0,2024-07-11T20:02:46.325Z
11,12:11:37,8/24/24,Autogsw_F1s,KellerLab,,F1A,0,6,0.496465,2.918173,0.424283,5.516424,1.919068,1.763866,3.204577,1.28551,17.389345,18.91942,31.592812,0.441786,PSF-00474_20240824121137,0,0,0,114.01355,207.531815,0.450621,0.5,0.8,246.203461,59.61,54.79,25.21,25.13,101.43,156.3,155.7,0.4,1366,3.925,46,8,251,54.17,58.54,46.54,-120.05,10.77,143.88,38.6,15:27:38,8/24/24,44.433861,-73.195595,106.800003,11,1.02,12:03:11,8/24/24,-0.29,0.005,0.004,0.015,-0.852,-0.666,2.709,1,150,0.005,2,0,rectangular,7000,10,5,2,55537,55537,55537,0,-9999,0,0,0,0,2.490208,2.459988,1.662818,0.836918,0.270461,0.000218,0.121248,1.272243,114.01355,0.00022,2.402632,-0.000055,1,2.369919,-0.000062,1,0.601405,0.600292,0.107003,0,PSF-00474_20240824121137,PFA-00562,PSA-00547,PSF-00474,RHS-0663,2.0.0,2024-07-11T20:02:46.325Z
12,12:12:03,8/24/24,Autogsw_F1s,KellerLab,,F1A,0,6,0.230025,2.919728,0.213227,3.15415,1.844075,1.755373,3.306507,1.462432,17.304802,18.179245,32.596176,0.441786,PSF-00474_20240824121203,0,0,0,151.997208,247.765305,0.386527,0.5,0.8,199.374054,56.88,54.14,25.33,25.66,101.44,156.5,155.7,0.5,1290,3.922,45,0,223,62.12,46.76,45,-137,10.77,144.24,38.5,15:28:04,8/24/24,44.433868,-73.195618,107.300003,11,1.02,12:03:11,8/24/24,-0.29,0.004,0.004,-9999,-1.808,-2.433,-9999,1,150,0.005,2,0,rectangular,7000,10,5,2,55537,55537,55537,0,-9999,0,0,0,0,2.48929,2.456388,1.664432,0.83692,0.2692,0.005005,0.124487,1.207076,151.997208,0.00022,2.402632,-0.000055,1,2.369919,-0.000062,1,0.601405,0.600292,0.107003,0,PSF-00474_20240824121203,PFA-00562,PSA-00547,PSF-00474,RHS-0663,2.0.0,2024-07-11T20:02:46.325Z
13,12:12:45,8/24/24,Autogsw_F1s,KellerLab,,F1A,0,5,0.531699,2.918778,0.449767,5.664623,2.023311,1.864162,3.267676,1.244365,18.375675,19.944466,32.210594,0.441786,PSF-00474_20240824121245,0,0,0,183.151245,327.053192,0.439996,0.5,0.8,169.14093,61.71,56.86,25.52,25.46,101.45,156.3,155.5,0.5,961,3.921,-16,23,320,58.87,51.7,27.77,-163,10.77,144.24,38.5,15:28:46,8/24/24,44.43388,-73.195633,107.199997,10,1.2,12:03:11,8/24/24,-0.29,0.003,0.003,0.003,6.87,-2.459,0.804,1,150,0.005,2,0,rectangular,7000,10,5,2,55537,55537,55537,0,-9999,0,0,0,0,2.49296,2.462645,1.663445,0.83656,0.267178,0.000454,0.129927,0.926851,183.151245,0.000219,2.402632,-0.000055,1,2.369919,-0.000062,1,0.601405,0.600292,0.107003,0,PSF-00474_20240824121245,PFA-00562,PSA-00547,PSF-00474,RHS-0663,2.0.0,2024-07-11T20:02:46.325Z
14,12:13:09,8/24/24,Autogsw_F1s,KellerLab,,F1A,0,5,0.69945,2.918611,0.564231,5.538036,1.938409,1.782666,2.910316,0.971907,17.572733,19.107975,28.688604,0.441786,PSF-00474_20240824121309,0,0,0,103.733894,335.736023,0.691025,0.5,0.8,317.768097,58.77,54.05,25.61,23.52,101.44,156.3,155.2,0.7,1150,3.922,-16,13,326,55.2,57.07,20.51,-174.05,10.77,144.6,38.39,15:29:09,8/24/24,44.433865,-73.195625,107.5,11,1.02,12:03:11,8/24/24,-0.29,0.001,0.002,0.01,0.207,-1.673,-3.409,1,150,0.005,2,0,rectangular,7000,10,5,2,55537,55537,55537,0,-9999,0,0,0,0,2.489081,2.458786,1.663272,0.83602,0.266124,-0.0231,0.132899,1.087733,103.733894,0.000219,2.402632,-0.000055,1,2.369919,-0.000062,1,0.601405,0.600292,0.107003,0,PSF-00474_20240824121309,PFA-00562,PSA-00547,PSF-00474,RHS-0663,2.0.0,2024-07-11T20:02:46.325Z
15,12:13:47,8/24/24,Autogsw_F1s,KellerLab,,F1A,0,5,0.625932,2.917918,0.515377,5.32819,1.88487,1.734874,2.908815,1.023946,17.102551,18.581221,28.675371,0.441786,PSF-00474_20240824121347,0,0,0,105.46875,323.098541,0.673571,0.5,0.8,281.495728,56.56,52.06,25.79,23.51,101.44,156.2,155.7,0.4,1045,3.921,-19,8,325,57.71,53.42,20.56,168.35,10.77,144.6,38.39,15:29:48,8/24/24,44.433884,-73.195625,107.699997,11,1.02,12:13:25,8/24/24,-0.38,-0.005,-0.004,0.014,-0.63,0.979,1.332,1,150,0.005,2,0,rectangular,7000,10,5,2,55537,55537,55537,0,-9999,0,0,0,0,2.486282,2.45596,1.662554,0.836852,0.264271,-0.025251,0.137548,0.998298,105.46875,0.000221,2.402632,-0.000055,1,2.369919,-0.000062,1,0.601405,0.600292,0.107003,0,PSF-00474_20240824121347,PFA-00562,PSA-00547,PSF-00474,RHS-0663,2.0.0,2024-07-11T20:02:46.325Z
16,12:15:04,8/24/24,Autogsw_F1s,KellerLab,,F1A,0,4,0.586249,2.918337,0.488181,6.257747,1.835948,1.659738,3.10471,1.268762,16.360281,18.097202,30.603575,0.441786,PSF-00474_20240824121504,0,0,0,154.739853,289.608826,0.465694,0.5,0.8,206.339081,54.21,49.01,26.06,24.6,101.45,156.3,155.3,0.6,1108,3.92,34,7,255,46.26,69.14,34.63,-117.38,10.77,145.32,38.19,15:31:04,8/24/24,44.43388,-73.195625,107.800003,11,1.02,12:13:25,8/24/24,-0.38,-0.02,0,-0.001,17.126,-3.193,4.02,1,150,0.005,2,0,rectangular,7000,10,5,2,55537,55537,55537,0,-9999,0,0,0,0,2.481982,2.452807,1.662987,0.836216,0.261433,-0.015944,0.146906,1.051965,154.739853,0.000217,2.402632,-0.000055,1,2.369919,-0.000062,1,0.601405,0.600292,0.107003,0,PSF-00474_20240824121504,PFA-00562,PSA-00547,PSF-00474,RHS-0663,2.0.0,2024-07-11T20:02:46.325Z
17,12:15:22,8/24/24,Autogsw_F1s,KellerLab,,F1A,0,4,0.530878,2.918373,0.44917,5.719198,1.904235,1.743297,3.163771,1.259537,17.183037,18.769346,31.184141,0.441786,PSF-00474_20240824121522,0,0,0,169.905426,292.583588,0.419293,0.5,0.8,45.60775,56.03,51.3,26.12,24.92,101.45,156.3,155.4,0.6,272,3.919,32,3,243,47.37,67.73,32.13,-122.65,10.77,145.32,38.19,15:31:23,8/24/24,44.433884,-73.195633,107.699997,11,1.02,12:13:25,8/24/24,-0.38,0.002,0,0.018,2.116,1.078,4.605,1,150,0.005,2,0,rectangular,7000,10,5,2,55537,55537,55537,0,-9999,0,0,0,0,2.48514,2.455183,1.663025,0.836364,0.260822,-0.012978,0.149083,0.338985,169.905426,0.000217,2.402632,-0.000055,1,2.369919,-0.000062,1,0.601405,0.600292,0.107003,0,PSF-00474_20240824121522,PFA-00562,PSA-00547,PSF-00474,RHS-0663,2.0.0,2024-07-11T20:02:46.325Z
18,12:15:45,8/24/24,Autogsw_F1s,KellerLab,,F1A,0,4,0.627688,2.918593,0.516588,7.012299,1.898679,1.701384,3.240911,1.342232,16.770586,18.715326,31.945744,0.441786,PSF-00474_20240824121545,0,0,0,174.123291,291.35083,0.402359,0.5,0.8,46.42519,55.67,49.88,26.18,25.32,101.45,156.3,155.3,0.7,288,3.918,25,0,246,40.47,76.07,25,-114,10.77,145.32,38.19,15:31:45,8/24/24,44.433872,-73.195641,107.900002,11,1.02,12:13:25,8/24/24,-0.38,-0.001,0,0.007,1.611,2.209,6.794,1,150,0.005,2,0,rectangular,7000,10,5,2,55537,55537,55537,0,-9999,0,0,0,0,2.48316,2.454682,1.663254,0.836215,0.260177,-0.009004,0.151717,0.353081,174.123291,0.000217,2.402632,-0.000055,1,2.369919,-0.000062,1,0.601405,0.600292,0.107003,0,PSF-00474_20240824121545,PFA-00562,PSA-00547,PSF-00474,RHS-0663,2.0.0,2024-07-11T20:02:46.325Z
19,12:16:44,8/24/24,Autogsw_F1s,KellerLab,,F1A,0,3,0.098626,2.918525,0.095402,1.696057,1.858743,1.81101,3.613382,1.754638,17.854166,18.324749,35.623158,0.441786,PSF-00474_20240824121644,0,0,0,156.325577,227.432373,0.31265,0.5,0.8,25.402889,53.72,52.34,26.43,27.16,101.43,156.3,155.6,0.4,203,3.917,24,1,224,48.89,65.76,24.02,-138.46,10.77,145.68,38.09,15:32:45,8/24/24,44.433872,-73.195656,108.199997,11,1.02,12:13:25,8/24/24,-0.38,0,-0.001,-0.002,4.486,-1.692,30.882,1,150,0.005,2,0,rectangular,7000,10,5,2,55537,55537,55537,0,-9999,0,0,0,0,2.48649,2.452055,1.663183,0.836798,0.257669,0.009817,0.158982,0.280287,156.325577,0.000227,2.402632,-0.000055,1,2.369919,-0.000062,1,0.601405,0.600292,0.107003,0,PSF-00474_20240824121644,PFA-00562,PSA-00547,PSF-00474,RHS-0663,2.0.0,2024-07-11T20:02:46.325Z
20,12:17:22,8/24/24,Autogsw_F1s,KellerLab,,F1A,0,3,0.124708,2.91843,0.119598,1.771816,1.882118,1.83226,3.34613,1.464012,18.063389,18.554914,32.987923,0.441786,PSF-00474_20240824121722,0,0,0,103.242874,275.574097,0.625354,0.5,0.8,342.433777,53.89,52.47,26.58,25.86,101.43,156.3,155.6,0.4,1369,3.916,30,1,236,47.82,67.14,30.02,-126,10.77,146.05,37.99,15:33:21,8/24/24,44.433849,-73.195641,108.099998,11,1.02,12:13:25,8/24/24,-0.38,-0.002,-0.001,-9999,-0.269,0.601,-9999,1,150,0.005,2,0,rectangular,7000,10,5,2,55537,55537,55537,0,-9999,0,0,0,0,2.486623,2.452244,1.663084,0.836759,0.25607,-0.007434,0.163435,1.274845,103.242874,0.000218,2.402632,-0.000055,1,2.369919,-0.000062,1,0.601405,0.600292,0.107003,0,PSF-00474_20240824121722,PFA-00562,PSA-00547,PSF-00474,RHS-0663,2.0.0,2024-07-11T20:02:46.325Z
21,12:17:59,8/24/24,Autogsw_F1s,KellerLab,,F1A,0,3,0.135645,2.919122,0.129622,1.856984,1.929734,1.877527,3.345287,1.415553,18.507509,19.022135,32.975792,0.441786,PSF-00474_20240824121759,0,0,0,107.050537,259.411469,0.587333,0.5,0.8,367.757904,54.59,53.12,26.79,25.85,101.45,156.4,155.7,0.4,1565,3.915,17,0,258,34.84,82.08,17,-102,10.77,146.41,37.89,15:34:00,8/24/24,44.433876,-73.195625,108.800003,11,1.01,12:17:44,8/24/24,-0.33,0.002,0.002,0.019,-0.326,-0.858,-23.982,1,150,0.005,2,0,rectangular,7000,10,5,2,55537,55537,55537,0,-9999,0,0,0,0,2.487461,2.453042,1.663802,0.836917,0.253989,-0.009913,0.167823,1.442401,107.050537,0.000218,2.402632,-0.000055,1,2.369919,-0.000062,1,0.601405,0.600292,0.107003,0,PSF-00474_20240824121759,PFA-00562,PSA-00547,PSF-00474,RHS-0663,2.0.0,2024-07-11T20:02:46.325Z
22,12:18:34,8/24/24,Autogsw_F1s,KellerLab,,F1A,0,2,0.484288,2.917651,0.415347,6.591673,2.003656,1.818243,3.569568,1.565912,17.921495,19.749014,35.183407,0.441786,PSF-00474_20240824121834,0,0,0,101.538063,162.946701,0.376863,0.5,0.8,247.813354,56.2,51,26.93,26.95,101.46,156.2,154.6,1,1644,3.91,5,-2,205,39.09,77.61,5.38,-133.17,10.77,146.41,37.89,15:34:35,8/24/24,44.433884,-73.195618,108.599998,11,1.01,12:17:44,8/24/24,-0.33,0,-0.003,0.015,-0.018,0.476,-0.171,1,150,0.005,2,0,rectangular,7000,10,5,2,55537,55537,55537,0,-9999,0,0,0,0,2.484494,2.455103,1.662277,0.835031,0.252507,0.001305,0.171942,1.50941,101.538063,0.000219,2.402632,-0.000055,1,2.369919,-0.000062,1,0.601405,0.600292,0.107003,0,PSF-00474_20240824121834,PFA-00562,PSA-00547,PSF-00474,RHS-0663,2.0.0,2024-07-11T20:02:46.325Z
23,12:18:50,8/24/24,Autogsw_F1s,KellerLab,,F1A,0,2,0.45235,2.918171,0.391641,6.078554,1.925115,1.754079,3.457937,1.532822,17.289873,18.975769,34.084717,0.441786,PSF-00474_20240824121850,0,0,0,103.669525,161.069519,0.356368,0.5,0.8,231.251877,53.82,49.03,26.99,26.41,101.45,156.3,154.8,0.9,1622,3.913,9,0,230,39.76,76.87,9,-130,10.77,146.41,37.89,15:34:50,8/24/24,44.433887,-73.19561,108.5,11,1.01,12:17:44,8/24/24,-0.33,-0.001,-0.003,0.028,-1.528,-0.46,-6.858,1,150,0.005,2,0,rectangular,7000,10,5,2,55537,55537,55537,0,-9999,0,0,0,0,2.481762,2.451964,1.662816,0.835326,0.251945,-0.005742,0.173667,1.490951,103.669525,0.000221,2.402632,-0.000055,1,2.369919,-0.000062,1,0.601405,0.600292,0.107003,0,PSF-00474_20240824121850,PFA-00562,PSA-00547,PSF-00474,RHS-0663,2.0.0,2024-07-11T20:02:46.325Z
24,12:19:06,8/24/24,Autogsw_F1s,KellerLab,,F1A,0,2,0.417941,2.917468,0.365571,6.114076,1.96002,1.787951,3.610172,1.650152,17.623875,19.319967,35.585552,0.441786,PSF-00474_20240824121906,0,0,0,103.346588,145.123596,0.287872,0.5,0.8,222.841965,54.62,49.83,27.04,27.15,101.45,156.2,154.8,0.9,1935,3.914,-15,-7,241,34.86,82.05,16.52,35.62,10.77,146.78,37.79,15:35:08,8/24/24,44.433891,-73.19561,108.599998,11,1.01,12:17:44,8/24/24,-0.33,-0.003,-0.002,0.03,-0.374,0.422,0.73,1,150,0.005,2,0,rectangular,7000,10,5,2,55537,55537,55537,0,-9999,0,0,0,0,2.482846,2.453009,1.662088,0.835367,0.251418,0.002297,0.175502,1.757941,103.346588,0.000217,2.402632,-0.000055,1,2.369919,-0.000062,1,0.601405,0.600292,0.107003,0,PSF-00474_20240824121906,PFA-00562,PSA-00547,PSF-00474,RHS-0663,2.0.0,2024-07-11T20:02:46.325Z
25,12:19:58,8/24/24,Autogsw_F1s,KellerLab,,F1A,0,1,0.395731,2.916726,0.348454,5.646109,1.889337,1.730223,3.48968,1.600343,17.053926,18.622231,34.395992,0.441786,PSF-00474_20240824121958,0,0,0,116.80162,168.242462,0.305754,0.5,0.8,232.798859,52.14,47.75,27.21,26.57,101.46,156.1,154.6,1,1903,3.912,32,0,308,12.15,97.76,32,-52,10.77,146.78,37.79,15:35:59,8/24/24,44.433899,-73.195641,108.199997,10,1.19,12:17:44,8/24/24,-0.33,0.005,0.003,0.032,0.679,3.156,1.515,1,150,0.005,2,0,rectangular,7000,10,5,2,55537,55537,55537,0,-9999,0,0,0,0,2.479915,2.449699,1.661321,0.834915,0.249759,-0.006522,0.181395,1.730836,116.80162,0.000216,2.402632,-0.000055,1,2.369919,-0.000062,1,0.601405,0.600292,0.107003,0,PSF-00474_20240824121958,PFA-00562,PSA-00547,PSF-00474,RHS-0663,2.0.0,2024-07-11T20:02:46.325Z
26,12:20:18,8/24/24,Autogsw_F1s,KellerLab,,F1A,0,1,0.426157,2.921994,0.371915,6.386827,1.891924,1.712677,3.587261,1.695337,16.880026,18.646671,35.355801,0.441786,PSF-00474_20240824122018,0,0,0,118.003609,165.553452,0.287217,0.5,0.8,223.092041,52.06,47.13,27.26,27.04,101.46,156.7,154.6,1.4,1942,3.911,30,-5,312,7.88,99.06,30.38,-38.08,10.77,147.15,37.7,15:36:19,8/24/24,44.43388,-73.19558,108.699997,10,1.19,12:17:44,8/24/24,-0.33,0.005,0.001,0.014,-1.11,-2.438,-5.183,1,150,0.005,2,0,rectangular,7000,10,5,2,55537,55537,55537,0,-9999,0,0,0,0,2.479034,2.449579,1.666794,0.834985,0.249265,-0.001569,0.183723,1.76356,118.003609,0.000225,2.402632,-0.000055,1,2.369919,-0.000062,1,0.601405,0.600292,0.107003,0,PSF-00474_20240824122018,PFA-00562,PSA-00547,PSF-00474,RHS-0663,2.0.0,2024-07-11T20:02:46.325Z
27,12:20:34,8/24/24,Autogsw_F1s,KellerLab,,F1A,0,1,0.390691,2.917372,0.344549,6.343791,1.87608,1.697356,3.692965,1.816885,16.728525,18.489964,36.39653,0.441786,PSF-00474_20240824122034,0,0,0,101.559875,138.259644,0.265441,0.5,0.8,211.448929,51.51,46.6,27.3,27.53,101.46,156.2,154.5,1,1991,3.905,21,-25,288,9.37,98.67,32.21,-19.54,10.77,147.15,37.69,15:36:35,8/24/24,44.43317,-73.195488,121.300003,9,1.23,12:17:44,8/24/24,-0.33,-0.001,0.003,0.01,-0.78,-0.853,-1.568,1,150,0.005,2,0,rectangular,7000,10,5,2,55537,55537,55537,0,-9999,0,0,0,0,2.478297,2.448849,1.661989,0.834839,0.248906,0.003892,0.185427,1.805914,101.559875,0.000221,2.402632,-0.000055,1,2.369919,-0.000062,1,0.601405,0.600292,0.107003,0,PSF-00474_20240824122034,PFA-00562,PSA-00547,PSF-00474,RHS-0663,2.0.0,2024-07-11T20:02:46.325Z
28,12:26:10,8/24/24,Autogsw_F1s,KellerLab,,F1B,5,12,0.807169,2.917398,0.632244,9.397676,2.223399,1.959605,3.687428,1.464028,19.315926,21.916155,36.347153,0.441786,PSF-00474_20240824122610,0,0,0,114.295006,247.703796,0.538582,0.5,0.8,284.162781,55.49,48.9,28.94,27.51,101.45,156.2,155.3,0.6,1319,3.9,22,-2,246,38.22,78.57,22.09,-108.67,10.77,149.39,37.13,15:42:11,8/24/24,44.433167,-73.195419,119.199997,11,1.07,12:17:44,8/24/24,-0.33,0.007,0.004,-0.009,-1.921,-3.946,-3.562,1,150,0.005,2,0,rectangular,7000,10,5,2,55537,55537,55537,0,-9999,0,0,0,0,2.481055,2.453625,1.662016,0.83619,0.233248,-0.016083,0.22311,1.232252,114.295006,0.00022,2.402632,-0.000055,1,2.369919,-0.000062,1,0.601405,0.600292,0.107003,0,PSF-00474_20240824122610,PFA-00562,PSA-00547,PSF-00474,RHS-0663,2.0.0,2024-07-11T20:02:46.325Z
29,12:27:22,8/24/24,Autogsw_F1s,KellerLab,,F1B,5,12,0.975103,2.919613,0.730971,10.130082,2.148931,1.864863,3.515611,1.36668,18.382133,21.182219,34.653721,0.441786,PSF-00474_20240824122722,0,0,0,121.073486,264.092438,0.541549,0.5,0.8,359.356079,53.2,46.17,29.07,26.7,101.45,156.4,155.2,0.8,1659,3.9,10,-1,282,30.23,86.4,10.05,-72.26,10.77,149.77,37.04,15:43:20,8/24/24,44.433151,-73.195435,114.800003,9,1.16,12:17:44,8/24/24,-0.33,0.001,-0.002,-0.066,-1.322,0.64,29.851,1,150,0.005,2,0,rectangular,7000,10,5,2,55537,55537,55537,0,-9999,0,0,0,0,2.477223,2.450595,1.664313,0.835978,0.231982,-0.027364,0.231009,1.522212,121.073486,0.000216,2.402632,-0.000055,1,2.369919,-0.000062,1,0.601405,0.600292,0.107003,0,PSF-00474_20240824122722,PFA-00562,PSA-00547,PSF-00474,RHS-0663,2.0.0,2024-07-11T20:02:46.325Z
30,12:27:53,8/24/24,Autogsw_F1s,KellerLab,,F1B,5,12,0.80174,2.917463,0.628911,7.673179,2.126004,1.910386,3.330656,1.204651,18.828173,20.953234,32.825901,0.441786,PSF-00474_20240824122753,0,0,0,91.943977,303.247345,0.696802,0.5,0.8,414.207611,52.69,47.35,29.06,25.78,101.46,156.2,155.4,0.5,1486,3.901,13,5,261,39.22,77.47,13.91,-120.25,10.77,149.77,37.04,15:43:54,8/24/24,44.433178,-73.195473,114,10,1.12,12:17:44,8/24/24,-0.33,-0.002,0.001,0.015,-0.813,-0.644,-0.964,1,150,0.005,2,0,rectangular,7000,10,5,2,55537,55537,55537,0,-9999,0,0,0,0,2.478866,2.449929,1.662083,0.836316,0.232151,-0.037866,0.234273,1.374777,91.943977,0.000226,2.402632,-0.000055,1,2.369919,-0.000062,1,0.601405,0.600292,0.107003,0,PSF-00474_20240824122753,PFA-00562,PSA-00547,PSF-00474,RHS-0663,2.0.0,2024-07-11T20:02:46.325Z
31,12:28:40,8/24/24,Autogsw_F1s,KellerLab,,F1B,5,11,0.251242,2.918176,0.231326,4.369022,2.044977,1.922178,3.905089,1.860111,18.944811,20.155104,38.48819,0.441786,PSF-00474_20240824122840,0,0,0,162.304764,263.342499,0.383674,0.5,0.8,169.43222,50.55,47.52,29.1,28.49,101.46,156.3,155.4,0.5,1104,3.899,25,14,221,61.02,48.45,28.43,-169.54,10.77,150.15,36.95,15:44:41,8/24/24,44.433178,-73.195503,113.900002,10,1.12,12:28:15,8/24/24,-0.17,-0.001,0.003,-0.001,-1.968,-4.092,-17.014,1,150,0.005,2,0,rectangular,7000,10,5,2,55537,55537,55537,0,-9999,0,0,0,0,2.479089,2.44689,1.662821,0.836466,0.231742,-0.006307,0.23915,1.04882,162.304764,0.000219,2.402632,-0.000055,1,2.369919,-0.000062,1,0.601405,0.600292,0.107003,0,PSF-00474_20240824122840,PFA-00562,PSA-00547,PSF-00474,RHS-0663,2.0.0,2024-07-11T20:02:46.325Z
32,12:29:02,8/24/24,Autogsw_F1s,KellerLab,,F1B,5,11,0.058481,2.919012,0.057332,1.244752,1.937632,1.902633,4.075167,2.137535,18.75263,19.097593,40.165451,0.441786,PSF-00474_20240824122902,0,0,0,118.531822,262.075775,0.547719,0.5,0.8,338.493683,47.86,47,29.11,29.23,101.46,156.4,155.1,0.8,1545,3.897,17,1,253,37.57,79.26,17.03,-110.42,10.77,150.53,36.87,15:45:03,8/24/24,44.433155,-73.195488,114.199997,11,0.99,12:28:15,8/24/24,-0.17,0,0,0.002,1.282,0.738,-56.544,1,150,0.005,2,0,rectangular,7000,10,5,2,55537,55537,55537,0,-9999,0,0,0,0,2.478364,2.443328,1.663688,0.835781,0.23162,0.002409,0.241465,1.425034,118.531822,0.000219,2.402632,-0.000055,1,2.369919,-0.000062,1,0.601405,0.600292,0.107003,0,PSF-00474_20240824122902,PFA-00562,PSA-00547,PSF-00474,RHS-0663,2.0.0,2024-07-11T20:02:46.325Z
33,12:29:48,8/24/24,Autogsw_F1s,KellerLab,,F1B,5,11,0.072114,2.917891,0.070375,1.551126,1.947643,1.903991,4.117223,2.16958,18.764776,19.194983,40.577267,0.441786,PSF-00474_20240824122948,0,0,0,145.923264,312.682983,0.533319,0.5,0.8,344.921967,48.03,46.96,29.14,29.41,101.47,156.2,155,0.8,1617,3.895,18,-8,233,35.69,81.22,19.64,-102.54,10.77,150.53,36.87,15:45:49,8/24/24,44.433197,-73.195511,114,12,1.01,12:28:15,8/24/24,-0.17,-0.001,-0.001,0.008,0.591,0.095,-18.544,1,150,0.005,2,0,rectangular,7000,10,5,2,55537,55537,55537,0,-9999,0,0,0,0,2.478299,2.443547,1.662525,0.835695,0.231366,0.004228,0.246433,1.486329,145.923264,0.00022,2.402632,-0.000055,1,2.369919,-0.000062,1,0.601405,0.600292,0.107003,0,PSF-00474_20240824122948,PFA-00562,PSA-00547,PSF-00474,RHS-0663,2.0.0,2024-07-11T20:02:46.325Z
34,12:31:36,8/24/24,Autogsw_F1s,KellerLab,,F1B,5,10,0.405579,2.917321,0.356075,6.897194,2.166857,1.973091,4.071918,1.90506,19.445023,21.354609,40.129173,0.441786,PSF-00474_20240824123136,0,0,0,135.226608,224.215515,0.39689,0.5,0.8,274.403656,53.4,48.62,29.16,29.21,101.47,156.2,154,1.4,1728,3.894,0,-2,288,35.35,81.57,2,18,10.77,151.3,36.69,15:47:37,8/24/24,44.433197,-73.195518,114.400002,12,0.96,12:28:15,8/24/24,-0.17,0,-0.005,-0.018,3.184,3.714,21.28,1,150,0.005,2,0,rectangular,7000,10,5,2,55537,55537,55537,0,-9999,0,0,0,0,2.480605,2.450615,1.661936,0.833825,0.231241,0.001739,0.25744,1.58153,135.226608,0.000222,2.402632,-0.000055,1,2.369919,-0.000062,1,0.601405,0.600292,0.107003,0,PSF-00474_20240824123136,PFA-00562,PSA-00547,PSF-00474,RHS-0663,2.0.0,2024-07-11T20:02:46.325Z
35,12:32:06,8/24/24,Autogsw_F1s,KellerLab,,F1B,5,10,0.4777,2.919373,0.410525,7.784748,2.081868,1.863359,3.948641,1.866773,18.365681,20.519352,38.918682,0.441786,PSF-00474_20240824123206,0,0,0,128.297928,193.262817,0.336148,0.5,0.8,224.960617,51.26,45.88,29.17,28.68,101.46,156.4,154.2,1.4,1673,3.894,-1,2,304,38.44,78.33,2.24,-172.55,10.77,151.68,36.61,15:48:07,8/24/24,44.433186,-73.195488,114.199997,11,1.07,12:28:15,8/24/24,-0.17,-0.002,-0.004,0.018,-1.076,-1.827,-7.361,1,150,0.005,2,0,rectangular,7000,10,5,2,55537,55537,55537,0,-9999,0,0,0,0,2.476793,2.447803,1.664063,0.834295,0.231108,-0.004849,0.260462,1.534283,128.297928,0.000227,2.402632,-0.000055,1,2.369919,-0.000062,1,0.601405,0.600292,0.107003,0,PSF-00474_20240824123206,PFA-00562,PSA-00547,PSF-00474,RHS-0663,2.0.0,2024-07-11T20:02:46.325Z
36,12:32:25,8/24/24,Autogsw_F1s,KellerLab,,F1B,5,10,0.355407,2.919045,0.316831,6.68897,2.080085,1.892271,4.156377,2.076292,18.649635,20.500671,40.963955,0.441786,PSF-00474_20240824123225,0,0,0,109.014275,171.404602,0.363994,0.5,0.8,247.88913,51.19,46.56,29.18,29.57,101.46,156.4,154.5,1.2,1703,3.891,0,0,289,36.61,80.27,0,-71,10.77,151.68,36.61,15:48:26,8/24/24,44.433247,-73.195526,113.699997,10,1.17,12:28:15,8/24/24,-0.17,-0.001,0.001,0.015,-0.056,2.095,2.237,1,150,0.005,2,0,rectangular,7000,10,5,2,55537,55537,55537,0,-9999,0,0,0,0,2.477744,2.447703,1.663722,0.834777,0.231018,0.00576,0.26238,1.559435,109.014275,0.000227,2.402632,-0.000055,1,2.369919,-0.000062,1,0.601405,0.600292,0.107003,0,PSF-00474_20240824123225,PFA-00562,PSA-00547,PSF-00474,RHS-0663,2.0.0,2024-07-11T20:02:46.325Z
37,12:35:20,8/24/24,Autogsw_F1s,KellerLab,,F1B,5,6,0.760206,2.917826,0.60308,10.638122,2.120895,1.822045,3.857877,1.736983,17.958307,20.903807,38.023724,0.441786,PSF-00474_20240824123520,0,0,0,146.524429,268.239502,0.453755,0.5,0.8,300.455353,51.85,44.55,29.29,28.28,101.46,156.2,155.4,0.5,1655,3.891,2,5,295,38.16,78.63,5.38,-133.25,10.77,152.85,36.36,15:51:21,8/24/24,44.433247,-73.195526,113.800003,11,1.06,12:28:15,8/24/24,-0.17,0,0.001,-0.021,2.22,2.871,22.457,1,150,0.005,2,0,rectangular,7000,10,5,2,55537,55537,55537,0,-9999,0,0,0,0,2.4749,2.448551,1.662459,0.836412,0.229995,-0.011135,0.280084,1.519187,146.524429,0.000225,2.402632,-0.000055,1,2.369919,-0.000062,1,0.601405,0.600292,0.107003,0,PSF-00474_20240824123520,PFA-00562,PSA-00547,PSF-00474,RHS-0663,2.0.0,2024-07-11T20:02:46.325Z
38,12:35:48,8/24/24,Autogsw_F1s,KellerLab,,F1B,5,6,0.664139,2.916401,0.54095,10.792009,2.120192,1.816689,4.082372,1.96218,17.906219,20.897699,40.237961,0.441786,PSF-00474_20240824123548,0,0,0,106.239082,180.196167,0.410425,0.5,0.8,268.449341,51.78,44.37,29.31,29.26,101.46,156,155.5,0.3,1635,3.89,2,6,304,37.95,78.85,6.32,-127.63,10.77,152.85,36.36,15:51:49,8/24/24,44.43327,-73.195557,113.199997,11,1.05,12:28:15,8/24/24,-0.17,0,0.001,0.013,0.246,-2.186,-6.02,1,150,0.005,2,0,rectangular,7000,10,5,2,55537,55537,55537,0,-9999,0,0,0,0,2.474648,2.448452,1.660986,0.836651,0.229831,0.000399,0.282806,1.501961,106.239082,0.00022,2.402632,-0.000055,1,2.369919,-0.000062,1,0.601405,0.600292,0.107003,0,PSF-00474_20240824123548,PFA-00562,PSA-00547,PSF-00474,RHS-0663,2.0.0,2024-07-11T20:02:46.325Z
39,12:36:20,8/24/24,Autogsw_F1s,KellerLab,,F1B,5,6,0.74545,2.917545,0.593744,10.895197,2.202135,1.896251,4.006924,1.804788,18.689964,21.704842,39.493324,0.441786,PSF-00474_20240824123620,0,0,0,137.639877,252.789612,0.455516,0.5,0.8,299.871307,53.7,46.24,29.34,28.94,101.46,156.2,155.3,0.5,1646,3.888,7,5,278,37.28,79.57,8.6,-117.67,10.77,153.24,36.28,15:52:21,8/24/24,44.433258,-73.195572,112.800003,10,1.07,12:28:15,8/24/24,-0.17,0.009,0.004,0.014,-6.955,1.475,2.679,1,150,0.005,2,0,rectangular,7000,10,5,2,55537,55537,55537,0,-9999,0,0,0,0,2.477247,2.450958,1.662168,0.836287,0.229575,-0.003843,0.285871,1.510994,137.639877,0.000218,2.402632,-0.000055,1,2.369919,-0.000062,1,0.601405,0.600292,0.107003,0,PSF-00474_20240824123620,PFA-00562,PSA-00547,PSF-00474,RHS-0663,2.0.0,2024-07-11T20:02:46.325Z
40,12:37:44,8/24/24,Autogsw_F1s,KellerLab,,F1B,5,5,0.719937,2.917748,0.577454,10.080648,2.15545,1.872353,3.873941,1.718491,18.454876,21.245218,38.183552,0.441786,PSF-00474_20240824123744,0,0,0,95.961929,214.215881,0.552032,0.5,0.8,357.409058,52.52,45.62,29.35,28.35,101.46,156.2,155.4,0.5,1619,3.887,22,-2,274,28.68,87.73,22.09,-80.67,10.77,153.63,36.2,15:53:45,8/24/24,44.433281,-73.195572,111.300003,12,0.95,12:28:15,8/24/24,-0.17,-0.001,-0.002,0.003,0.994,0.406,0.539,1,150,0.005,2,0,rectangular,7000,10,5,2,55537,55537,55537,0,-9999,0,0,0,0,2.476386,2.44941,1.662378,0.836324,0.229461,-0.010993,0.294163,1.487815,95.961929,0.000225,2.402632,-0.000055,1,2.369919,-0.000062,1,0.601405,0.600292,0.107003,0,PSF-00474_20240824123744,PFA-00562,PSA-00547,PSF-00474,RHS-0663,2.0.0,2024-07-11T20:02:46.325Z
41,12:38:51,8/24/24,Autogsw_F1s,KellerLab,,F1B,5,5,0.690791,2.917183,0.558531,11.086666,2.149028,1.837543,4.100728,1.951699,18.113018,21.183388,40.421665,0.441786,PSF-00474_20240824123851,0,0,0,98.980667,168.41304,0.412274,0.5,0.8,317.317352,52.07,44.52,29.45,29.34,101.45,156.1,155.5,0.4,1924,3.886,11,-21,279,13.2,97.36,23.59,-17.43,10.77,154.03,36.12,15:54:52,8/24/24,44.433285,-73.195557,111,11,1.05,12:38:32,8/24/24,-0.12,-0.005,0,0.015,-0.521,-1.736,-3.132,1,150,0.005,2,0,rectangular,7000,10,5,2,55537,55537,55537,0,-9999,0,0,0,0,2.474824,2.448723,1.661793,0.836589,0.228575,-0.000344,0.300494,1.748502,98.980667,0.000222,2.402632,-0.000055,1,2.369919,-0.000062,1,0.601405,0.600292,0.107003,0,PSF-00474_20240824123851,PFA-00562,PSA-00547,PSF-00474,RHS-0663,2.0.0,2024-07-11T20:02:46.325Z
42,12:39:41,8/24/24,Autogsw_F1s,KellerLab,,F1B,5,5,0.703458,2.917547,0.566796,11.279913,2.189836,1.87311,4.145945,1.956109,18.46174,21.583458,40.863251,0.441786,PSF-00474_20240824123941,0,0,0,94.414833,192.711349,0.510071,0.5,0.8,334.995422,52.93,45.27,29.49,29.53,101.46,156.2,155.4,0.5,1642,3.884,22,0,276,30.1,86.51,22,-84,10.77,154.42,36.04,15:55:42,8/24/24,44.433292,-73.195549,110.900002,11,1.05,12:38:32,8/24/24,-0.12,0,-0.002,-0.007,-0.137,-0.01,0.087,1,150,0.005,2,0,rectangular,7000,10,5,2,55537,55537,55537,0,-9999,0,0,0,0,2.47586,2.449838,1.662169,0.836419,0.228188,0.00144,0.305272,1.50769,94.414833,0.000225,2.402632,-0.000055,1,2.369919,-0.000062,1,0.601405,0.600292,0.107003,0,PSF-00474_20240824123941,PFA-00562,PSA-00547,PSF-00474,RHS-0663,2.0.0,2024-07-11T20:02:46.325Z
43,12:40:47,8/24/24,Autogsw_F1s,KellerLab,,F1B,5,4,0.807101,2.919134,0.632284,11.137284,2.18793,1.875576,3.921363,1.733433,18.484997,21.56345,38.647545,0.441786,PSF-00474_20240824124047,0,0,0,126.60527,196.093445,0.354363,0.5,0.8,256.337982,52.91,45.35,29.48,28.56,101.46,156.4,153.7,1.7,1808,3.884,-20,-7,303,51.45,62.32,21.14,103.25,10.77,154.82,35.97,15:56:48,8/24/24,44.433323,-73.195572,110.5,11,1.05,12:38:32,8/24/24,-0.12,0.004,-0.001,0.014,-1.216,-0.027,-2.569,1,150,0.005,2,0,rectangular,7000,10,5,2,55537,55537,55537,0,-9999,0,0,0,0,2.47598,2.449818,1.663815,0.833431,0.228273,-0.010073,0.31153,1.649762,126.60527,0.000226,2.402632,-0.000055,1,2.369919,-0.000062,1,0.601405,0.600292,0.107003,0,PSF-00474_20240824124047,PFA-00562,PSA-00547,PSF-00474,RHS-0663,2.0.0,2024-07-11T20:02:46.325Z
44,12:41:04,8/24/24,Autogsw_F1s,KellerLab,,F1B,5,4,0.579644,2.920548,0.483653,9.382659,2.192779,1.929956,4.100007,1.907228,19.021978,21.612411,40.410381,0.441786,PSF-00474_20240824124104,0,0,0,131.574509,197.907333,0.335171,0.5,0.8,251.032562,53.01,46.66,29.49,29.33,101.46,156.6,154.8,1.1,1872,3.846,-20,-3,286,49.26,65.27,20.21,97.29,10.77,155.22,35.89,15:57:04,8/24/24,44.433323,-73.195587,110.5,11,1,12:38:32,8/24/24,-0.12,0.002,0.001,0.025,0.322,-0.319,-0.05,1,150,0.005,2,0,rectangular,7000,10,5,2,55537,55537,55537,0,-9999,0,0,0,0,2.477796,2.449955,1.665286,0.835259,0.228239,-0.000833,0.313109,1.70434,131.574509,0.00022,2.402632,-0.000055,1,2.369919,-0.000062,1,0.601405,0.600292,0.107003,0,PSF-00474_20240824124104,PFA-00562,PSA-00547,PSF-00474,RHS-0663,2.0.0,2024-07-11T20:02:46.325Z
45,12:41:26,8/24/24,Autogsw_F1s,KellerLab,,F1B,5,4,1.011786,2.917818,0.751273,12.705451,2.243985,1.887481,3.907925,1.663941,18.602331,22.115904,38.515102,0.441786,PSF-00474_20240824124126,0,0,0,138.869766,217.536804,0.361626,0.5,0.8,267.663879,54.23,45.62,29.49,28.5,101.46,156.2,153.5,1.7,1850,3.88,-13,-9,306,44.71,71.07,15.77,90.85,10.77,155.22,35.89,15:57:27,8/24/24,44.433315,-73.195518,109.699997,9,1.14,12:38:32,8/24/24,-0.12,-0.003,-0.001,-0.003,-0.205,-1.376,-1.565,1,150,0.005,2,0,rectangular,7000,10,5,2,55537,55537,55537,0,-9999,0,0,0,0,2.476342,2.451551,1.66245,0.833026,0.228182,-0.010905,0.315111,1.685569,138.869766,0.000217,2.402632,-0.000055,1,2.369919,-0.000062,1,0.601405,0.600292,0.107003,0,PSF-00474_20240824124126,PFA-00562,PSA-00547,PSF-00474,RHS-0663,2.0.0,2024-07-11T20:02:46.325Z
46,12:43:44,8/24/24,Autogsw_F1s,KellerLab,,F1B,5,3,0.11167,2.917997,0.107554,2.607132,1.875114,1.8017,4.260239,2.385125,17.757164,18.480721,41.987995,0.441786,PSF-00474_20240824124344,0,0,0,91.288445,175.596359,0.480123,0.5,0.8,315.620758,44.96,43.2,29.63,30,101.46,156.2,155,0.8,1643,3.878,35,-8,4,24.04,91.33,35.79,17.77,10.77,156.02,35.74,15:59:44,8/24/24,44.433308,-73.195526,109.300003,10,1.12,12:38:32,8/24/24,-0.12,0.003,0.003,0.006,0.025,-3.16,-16.76,1,150,0.005,2,0,rectangular,7000,10,5,2,55537,55537,55537,0,-9999,0,0,0,0,2.472922,2.43926,1.662636,0.835752,0.226936,0.005499,0.328034,1.508996,91.288445,0.000221,2.402632,-0.000055,1,2.369919,-0.000062,1,0.601405,0.600292,0.107003,0,PSF-00474_20240824124344,PFA-00562,PSA-00547,PSF-00474,RHS-0663,2.0.0,2024-07-11T20:02:46.325Z
47,12:44:03,8/24/24,Autogsw_F1s,KellerLab,,F1B,5,3,0.102819,2.919572,0.099322,2.261129,1.869472,1.805877,4.111241,2.24177,17.798643,18.425428,40.52021,0.441786,PSF-00474_20240824124403,0,0,0,80.149055,188.484192,0.57477,0.5,0.8,377.106171,44.74,43.22,29.66,29.38,101.46,156.4,154.6,1.2,1640,3.878,45,10,27,25.6,90.18,45.86,13,10.77,156.42,35.67,16:00:04,8/24/24,44.4333,-73.195534,109.099998,10,1.11,12:38:32,8/24/24,-0.12,0.003,0.002,0.014,-0.15,0.152,-2.532,1,150,0.005,2,0,rectangular,7000,10,5,2,55537,55537,55537,0,-9999,0,0,0,0,2.472948,2.438966,1.66427,0.835007,0.226662,-0.002395,0.329739,1.506276,80.149055,0.000224,2.402632,-0.000055,1,2.369919,-0.000062,1,0.601405,0.600292,0.107003,0,PSF-00474_20240824124403,PFA-00562,PSA-00547,PSF-00474,RHS-0663,2.0.0,2024-07-11T20:02:46.325Z
48,12:44:23,8/24/24,Autogsw_F1s,KellerLab,,F1B,5,3,0.057714,2.917391,0.056594,1.500837,1.792627,1.750309,4.401246,2.608619,17.2505,17.667572,43.377312,0.441786,PSF-00474_20240824124423,0,0,0,88.28688,125.088928,0.294207,0.5,0.8,186.698944,42.87,41.86,29.68,30.57,101.46,156.2,154.9,0.8,1586,3.876,48,0,14,27.5,88.7,48,14,10.77,156.42,35.67,16:00:24,8/24/24,44.433315,-73.195557,109.199997,11,1.03,12:38:32,8/24/24,-0.12,-0.001,0,0.004,0.862,-0.129,-10.364,1,150,0.005,2,0,rectangular,7000,10,5,2,55537,55537,55537,0,-9999,0,0,0,0,2.471026,2.436451,1.662008,0.835477,0.226537,0.011911,0.331565,1.460389,88.28688,0.000226,2.402632,-0.000055,1,2.369919,-0.000062,1,0.601405,0.600292,0.107003,0,PSF-00474_20240824124423,PFA-00562,PSA-00547,PSF-00474,RHS-0663,2.0.0,2024-07-11T20:02:46.325Z
49,12:45:22,8/24/24,Autogsw_F1s,KellerLab,,F1B,5,2,0.80731,2.91808,0.632362,10.516129,2.165724,1.87048,3.803432,1.637709,18.434872,21.3447,37.485443,0.441786,PSF-00474_20240824124522,0,0,0,101.865295,238.703018,0.573255,0.5,0.8,309.436096,51.68,44.64,29.71,28.04,101.46,156.3,155.1,0.7,1349,3.876,21,17,298,39.23,77.46,26.77,-102.47,10.77,156.83,35.6,16:01:23,8/24/24,44.433331,-73.195534,109,11,1.03,12:38:32,8/24/24,-0.12,0.005,0.001,0.005,0.115,-0.295,-5.212,1,150,0.005,2,0,rectangular,7000,10,5,2,55537,55537,55537,0,-9999,0,0,0,0,2.474919,2.448147,1.662722,0.835862,0.226213,-0.019149,0.336753,1.258217,101.865295,0.000222,2.402632,-0.000055,1,2.369919,-0.000062,1,0.601405,0.600292,0.107003,0,PSF-00474_20240824124522,PFA-00562,PSA-00547,PSF-00474,RHS-0663,2.0.0,2024-07-11T20:02:46.325Z
50,12:46:11,8/24/24,Autogsw_F1s,KellerLab,,F1B,5,2,0.850575,2.920473,0.658724,11.951847,2.1503,1.815313,3.93613,1.78583,17.890324,21.191692,38.791451,0.441786,PSF-00474_20240824124611,0,0,0,110.002396,213.247772,0.484157,0.5,0.8,209.655228,51.17,43.2,29.76,28.63,101.47,156.5,154.9,1.1,1083,3.875,16,2,294,27.81,88.45,16.12,-73.22,10.77,157.23,35.53,16:02:12,8/24/24,44.433327,-73.195541,108.699997,11,1.03,12:38:32,8/24/24,-0.12,0.002,0,-0.004,-0.315,2.125,-2.184,1,150,0.005,2,0,rectangular,7000,10,5,2,55537,55537,55537,0,-9999,0,0,0,0,2.472896,2.447464,1.665207,0.835456,0.225785,-0.012668,0.341307,1.030537,110.002396,0.000225,2.402632,-0.000055,1,2.369919,-0.000062,1,0.601405,0.600292,0.107003,0,PSF-00474_20240824124611,PFA-00562,PSA-00547,PSF-00474,RHS-0663,2.0.0,2024-07-11T20:02:46.325Z
51,12:46:33,8/24/24,Autogsw_F1s,KellerLab,,F1B,5,2,0.7948,2.916674,0.624596,11.660222,2.148887,1.821081,3.985935,1.837048,17.946722,21.17725,39.281326,0.441786,PSF-00474_20240824124633,0,0,0,110.023857,191.59198,0.425739,0.5,0.8,297.956299,51.08,43.29,29.78,28.85,101.47,156.1,155,0.7,1750,3.874,11,-4,281,26.86,89.21,11.7,-58.87,10.77,157.23,35.53,16:02:34,8/24/24,44.4333,-73.195541,108,11,1.03,12:38:32,8/24/24,-0.12,0.001,-0.003,0.026,-0.479,-1.11,-4.063,1,150,0.005,2,0,rectangular,7000,10,5,2,55537,55537,55537,0,-9999,0,0,0,0,2.473014,2.447337,1.661268,0.835729,0.225607,-0.010301,0.343238,1.5996,110.023857,0.000219,2.402632,-0.000055,1,2.369919,-0.000062,1,0.601405,0.600292,0.107003,0,PSF-00474_20240824124633,PFA-00562,PSA-00547,PSF-00474,RHS-0663,2.0.0,2024-07-11T20:02:46.325Z
52,12:48:36,8/24/24,Autogsw_F1s,KellerLab,,F1B,6,3,0.526551,2.921472,0.446141,8.748394,2.091883,1.846757,4.021464,1.92958,18.201956,20.617966,39.636246,0.441786,PSF-00474_20240824124836,0,0,0,118.731377,200.573807,0.408041,0.5,0.8,299.577362,49.53,43.73,29.85,29,101.46,156.7,154.8,1.2,1835,3.873,14,4,354,20.85,93.45,14.55,-22.12,10.77,158.04,35.4,16:04:37,8/24/24,44.433277,-73.195526,108.5,10,1.1,12:38:32,8/24/24,-0.12,-0.001,0.004,0.009,-0.098,0.768,7.167,1,150,0.005,2,0,rectangular,7000,10,5,2,55537,55537,55537,0,-9999,0,0,0,0,2.473612,2.445277,1.666249,0.835354,0.225002,-0.009282,0.354046,1.672808,118.731377,0.000225,2.402632,-0.000055,1,2.369919,-0.000062,1,0.601405,0.600292,0.107003,0,PSF-00474_20240824124836,PFA-00562,PSA-00547,PSF-00474,RHS-0663,2.0.0,2024-07-11T20:02:46.325Z
53,12:49:36,8/24/24,Autogsw_F1s,KellerLab,,F1B,6,3,0.536477,2.917787,0.453157,6.644996,2.110586,1.923887,3.556823,1.446237,18.961977,20.802101,35.056324,0.441786,PSF-00474_20240824124936,0,0,0,90.442657,216.408844,0.582075,0.5,0.8,51.483238,49.72,45.33,29.93,26.89,101.46,156.2,154,1.4,221,3.871,7,-9,339,29.71,86.85,11.38,31.42,10.77,158.45,35.33,16:05:37,8/24/24,44.433292,-73.195518,108.5,11,1.02,12:49:18,8/24/24,0.07,0,0.003,-0.009,0.029,-0.083,0.099,1,150,0.005,2,0,rectangular,7000,10,5,2,55537,55537,55537,0,-9999,0,0,0,0,2.475823,2.445262,1.662418,0.833946,0.224231,-0.035448,0.359603,0.295637,90.442657,0.000219,2.402632,-0.000055,1,2.369919,-0.000062,1,0.601405,0.600292,0.107003,0,PSF-00474_20240824124936,PFA-00562,PSA-00547,PSF-00474,RHS-0663,2.0.0,2024-07-11T20:02:46.325Z
54,12:50:14,8/24/24,Autogsw_F1s,KellerLab,,F1B,6,3,0.539608,2.916907,0.455368,8.307173,2.110486,1.876943,3.906371,1.795885,18.500797,20.802803,38.50462,0.441786,PSF-00474_20240824125014,0,0,0,88.052277,205.161102,0.570814,0.5,0.8,433.402588,49.63,44.14,29.97,28.5,101.45,156.1,154.7,0.9,1898,3.87,15,8,355,19.01,94.55,16.96,-33.5,10.76,158.86,35.27,16:06:14,8/24/24,44.433285,-73.195526,108.400002,11,1.02,12:49:18,8/24/24,0.07,0.008,-0.002,0.021,-4.373,-1.165,-5.84,1,150,0.005,2,0,rectangular,7000,10,5,2,55537,55537,55537,0,-9999,0,0,0,0,2.474153,2.445125,1.661508,0.835082,0.223936,-0.016773,0.36298,1.726313,88.052277,0.000219,2.402632,-0.000055,1,2.369919,-0.000062,1,0.601405,0.600292,0.107003,0,PSF-00474_20240824125014,PFA-00562,PSA-00547,PSF-00474,RHS-0663,2.0.0,2024-07-11T20:02:46.325Z
56,12:53:27,8/24/24,Autogsw_F1s,KellerLab,,F1B,6,4,0.340277,2.917381,0.304733,6.819645,2.183495,1.991971,4.380585,2.197091,19.63341,21.521114,43.176235,0.441786,PSF-00474_20240824125327,0,0,0,155.829544,241.101974,0.353678,0.5,0.8,118.696373,50.97,46.5,30.1,30.48,101.46,156.2,154.8,0.9,839,3.866,38,14,339,14.92,96.63,40.13,-43.05,10.76,160.1,35.08,16:09:28,8/24/24,44.433289,-73.195511,106.699997,11,1.01,12:49:18,8/24/24,0.07,-0.002,0,0.011,0.529,-1.31,-5.091,1,150,0.005,2,0,rectangular,7000,10,5,2,55537,55537,55537,0,-9999,0,0,0,0,2.477412,2.446861,1.661998,0.835239,0.222813,0.00577,0.379425,0.822755,155.829544,0.000229,2.402632,-0.000055,1,2.369919,-0.000062,1,0.601405,0.600292,0.107003,0,PSF-00474_20240824125327,PFA-00562,PSA-00547,PSF-00474,RHS-0663,2.0.0,2024-07-11T20:02:46.325Z
57,12:54:15,8/24/24,Autogsw_F1s,KellerLab,,F1B,6,4,0.616656,2.918108,0.509078,11.026445,2.137321,1.827705,4.265407,2.128086,18.015379,21.067209,42.043392,0.441786,PSF-00474_20240824125415,0,0,0,167.866592,244.129303,0.312387,0.5,0.8,241.68161,49.87,42.65,30.1,30.02,101.45,156.3,155,0.8,1934,3.866,37,9,0,4.05,99.75,37.93,-14.74,10.76,160.51,35.02,16:10:16,8/24/24,44.433285,-73.19548,104.599998,11,1.01,12:49:18,8/24/24,0.07,0,0,0.011,-0.162,-1.802,-5.881,1,150,0.005,2,0,rectangular,7000,10,5,2,55537,55537,55537,0,-9999,0,0,0,0,2.472035,2.445415,1.662751,0.83561,0.222758,0.000009,0.383439,1.757005,167.866592,0.000221,2.402632,-0.000055,1,2.369919,-0.000062,1,0.601405,0.600292,0.107003,0,PSF-00474_20240824125415,PFA-00562,PSA-00547,PSF-00474,RHS-0663,2.0.0,2024-07-11T20:02:46.325Z
58,12:54:56,8/24/24,Autogsw_F1s,KellerLab,,F1B,6,4,0.524866,2.918367,0.444858,9.620227,2.101733,1.83156,4.227259,2.125525,18.053289,20.716326,41.667164,0.441786,PSF-00474_20240824125456,0,0,0,135.223389,194.108612,0.303362,0.5,0.8,29.436096,49.1,42.79,30.08,29.86,101.45,156.3,154.6,1.1,243,3.864,36,-15,329,8.55,98.89,38.61,-6.49,10.76,160.51,35.02,16:10:57,8/24/24,44.43327,-73.195511,104.300003,11,1.01,12:49:18,8/24/24,0.07,-0.003,-0.003,0.021,-1.229,-3.908,-7.742,1,150,0.005,2,0,rectangular,7000,10,5,2,55537,55537,55537,0,-9999,0,0,0,0,2.472242,2.444406,1.663019,0.835048,0.222949,-0.00163,0.38687,0.313946,135.223389,0.000221,2.402632,-0.000055,1,2.369919,-0.000062,1,0.601405,0.600292,0.107003,0,PSF-00474_20240824125456,PFA-00562,PSA-00547,PSF-00474,RHS-0663,2.0.0,2024-07-11T20:02:46.325Z
59,12:56:20,8/24/24,Autogsw_F1s,KellerLab,,F1B,6,5,0.593254,2.919058,0.493049,9.583094,2.186229,1.917466,4.09711,1.910881,18.899435,21.548494,40.383022,0.441786,PSF-00474_20240824125620,0,0,0,125.107529,247.435577,0.494383,0.5,0.8,298.266846,51.3,44.99,30.01,29.32,101.46,156.4,154.6,1.1,1508,3.863,7,10,315,35.01,81.91,12.19,-100.35,10.76,161.35,34.9,16:12:21,8/24/24,44.433281,-73.195465,103.800003,0,1,12:49:18,8/24/24,0.07,0.002,0.001,-0.008,-0.111,-0.564,4.085,1,150,0.005,2,0,rectangular,7000,10,5,2,55537,55537,55537,0,-9999,0,0,0,0,2.475339,2.447317,1.663736,0.834927,0.223607,-0.007307,0.393648,1.393694,125.107529,0.000224,2.402632,-0.000055,1,2.369919,-0.000062,1,0.601405,0.600292,0.107003,0,PSF-00474_20240824125620,PFA-00562,PSA-00547,PSF-00474,RHS-0663,2.0.0,2024-07-11T20:02:46.325Z
60,12:56:47,8/24/24,Autogsw_F1s,KellerLab,,F1B,6,5,0.506634,2.916881,0.431659,8.856185,2.188616,1.939825,4.204517,2.015902,19.120335,21.572598,41.442802,0.441786,PSF-00474_20240824125647,0,0,0,122.686745,217.17775,0.435086,0.5,0.8,104.011246,51.36,45.53,30,29.77,101.45,156.1,154.7,0.9,598,3.861,14,0,314,23.26,91.87,14,-46,10.76,161.35,34.9,16:12:48,8/24/24,44.433289,-73.195496,103.900002,11,1,12:49:18,8/24/24,0.07,0.005,0.002,-0.019,-0.81,-0.571,12.262,1,150,0.005,2,0,rectangular,7000,10,5,2,55537,55537,55537,0,-9999,0,0,0,0,2.476084,2.447405,1.661481,0.835059,0.223638,-0.001816,0.395931,0.616848,122.686745,0.000218,2.402632,-0.000055,1,2.369919,-0.000062,1,0.601405,0.600292,0.107003,0,PSF-00474_20240824125647,PFA-00562,PSA-00547,PSF-00474,RHS-0663,2.0.0,2024-07-11T20:02:46.325Z
61,12:57:23,8/24/24,Autogsw_F1s,KellerLab,,F1B,6,5,0.661146,2.918406,0.539032,8.528412,2.022508,1.78283,3.583212,1.560704,17.574181,19.93679,35.321373,0.441786,PSF-00474_20240824125723,0,0,0,93.056915,259.953979,0.642025,0.5,0.8,443.329346,47.54,41.91,29.98,27.02,101.45,156.3,154.7,1,1726,3.86,1,-3,338,33.76,83.13,3.16,49.58,10.76,161.77,34.85,16:13:24,8/24/24,44.433243,-73.19548,104.800003,10,1.01,12:49:18,8/24/24,0.07,0.004,0.003,0.033,-0.946,-1.852,-19.222,1,150,0.005,2,0,rectangular,7000,10,5,2,55537,55537,55537,0,-9999,0,0,0,0,2.471022,2.442361,1.66306,0.835164,0.223875,-0.034452,0.398821,1.579679,93.056915,0.000218,2.402632,-0.000055,1,2.369919,-0.000062,1,0.601405,0.600292,0.107003,0,PSF-00474_20240824125723,PFA-00562,PSA-00547,PSF-00474,RHS-0663,2.0.0,2024-07-11T20:02:46.325Z
62,12:58:19,8/24/24,Autogsw_F1s,KellerLab,,F1B,6,7,0.583994,2.916866,0.486576,7.535058,2.064754,1.852818,3.591995,1.52724,18.263409,20.352482,35.406639,0.441786,PSF-00474_20240824125819,0,0,0,80.269218,246.77861,0.674732,0.5,0.8,505.560486,48.53,43.55,29.98,27.06,101.45,156.1,154.9,0.8,1873,3.86,24,0,357,12.94,97.46,24,-3,10.76,162.18,34.79,16:14:19,8/24/24,44.433212,-73.195496,104.900002,10,1.06,12:49:18,8/24/24,0.07,-0.002,-0.005,0.017,-0.018,-0.017,0.745,1,150,0.005,2,0,rectangular,7000,10,5,2,55537,55537,55537,0,-9999,0,0,0,0,2.47333,2.443675,1.661466,0.83544,0.22387,-0.033967,0.403708,1.704996,80.269218,0.000225,2.402632,-0.000055,1,2.369919,-0.000062,1,0.601405,0.600292,0.107003,0,PSF-00474_20240824125819,PFA-00562,PSA-00547,PSF-00474,RHS-0663,2.0.0,2024-07-11T20:02:46.325Z
63,12:58:54,8/24/24,Autogsw_F1s,KellerLab,,F1B,6,7,0.816534,2.919095,0.638056,9.026164,2.083964,1.830602,3.479649,1.395685,18.045752,20.54335,34.301773,0.441786,PSF-00474_20240824125854,0,0,0,80.191612,282.084717,0.715718,0.5,0.8,48.908188,49.02,43.06,29.96,26.52,101.44,156.4,155,0.9,171,3.858,36,-7,5,20.06,93.93,36.58,16.8,10.76,162.18,34.79,16:14:54,8/24/24,44.433205,-73.195511,104.400002,10,1.06,12:49:18,8/24/24,0.07,-0.001,-0.003,0.003,-0.104,0.134,-0.037,1,150,0.005,2,0,rectangular,7000,10,5,2,55537,55537,55537,0,-9999,0,0,0,0,2.472651,2.444328,1.663774,0.835607,0.223996,-0.040156,0.406701,0.252741,80.191612,0.000217,2.402632,-0.000055,1,2.369919,-0.000062,1,0.601405,0.600292,0.107003,0,PSF-00474_20240824125854,PFA-00562,PSA-00547,PSF-00474,RHS-0663,2.0.0,2024-07-11T20:02:46.325Z
64,12:59:22,8/24/24,Autogsw_F1s,KellerLab,,F1B,6,7,0.823277,2.919018,0.642162,8.767328,2.05668,1.810501,3.404371,1.347691,17.847652,20.274441,33.559776,0.441786,PSF-00474_20240824125922,0,0,0,79.507828,287.929779,0.723864,0.5,0.8,501.645111,48.46,42.66,29.93,26.15,101.44,156.4,154.6,1.1,1733,3.858,36,4,9,11.43,98.02,36.19,2.22,10.76,162.6,34.74,16:15:23,8/24/24,44.433182,-73.195526,104.5,11,0.99,12:49:18,8/24/24,0.07,-0.001,-0.002,0.014,-0.005,0.201,0.264,1,150,0.005,2,0,rectangular,7000,10,5,2,55537,55537,55537,0,-9999,0,0,0,0,2.472088,2.443586,1.663694,0.834946,0.224236,-0.04417,0.408891,1.584997,79.507828,0.000224,2.402632,-0.000055,1,2.369919,-0.000062,1,0.601405,0.600292,0.107003,0,PSF-00474_20240824125922,PFA-00562,PSA-00547,PSF-00474,RHS-0663,2.0.0,2024-07-11T20:02:46.325Z
65,13:00:46,8/24/24,Autogsw_F1s,KellerLab,,F1B,6,9,0.708727,2.917944,0.570227,7.911961,2.21208,1.990044,3.579636,1.367556,19.614506,21.802967,35.28204,0.441786,PSF-00474_20240824130046,0,0,0,86.732986,309.740051,0.719981,0.5,0.8,43.236855,51.98,46.76,29.98,27,101.46,156.2,155.1,0.7,150,3.855,-38,2,351,72.33,30.36,38.04,174.25,10.76,163.03,34.69,16:16:47,8/24/24,44.433224,-73.195511,104.5,11,0.99,12:59:44,8/24/24,-0.17,0.003,0.005,0.011,0.427,-0.094,-0.835,1,150,0.005,2,0,rectangular,7000,10,5,2,55537,55537,55537,0,-9999,0,0,0,0,2.47781,2.448535,1.66258,0.835893,0.223833,-0.034711,0.415796,0.235078,86.732986,0.000221,2.402632,-0.000055,1,2.369919,-0.000062,1,0.601405,0.600292,0.107003,0,PSF-00474_20240824130046,PFA-00562,PSA-00547,PSF-00474,RHS-0663,2.0.0,2024-07-11T20:02:46.325Z
66,13:01:19,8/24/24,Autogsw_F1s,KellerLab,,F1B,6,9,0.670234,2.919146,0.545083,7.933905,2.081922,1.859189,3.51793,1.436008,18.324713,20.520039,34.673756,0.441786,PSF-00474_20240824130119,0,0,0,80.064651,274.382843,0.708201,0.5,0.8,45.922733,48.94,43.71,29.97,26.71,101.46,156.4,154.9,1,162,3.854,-41,-2,4,74.65,26.47,41.04,-179.05,10.76,163.45,34.63,16:17:19,8/24/24,44.433239,-73.195503,104.599998,11,0.99,12:59:44,8/24/24,-0.17,0.003,0.003,0.02,0.359,0.067,0.193,1,150,0.005,2,0,rectangular,7000,10,5,2,55537,55537,55537,0,-9999,0,0,0,0,2.47355,2.444534,1.663827,0.835498,0.223893,-0.038115,0.418056,0.245297,80.064651,0.00022,2.402632,-0.000055,1,2.369919,-0.000062,1,0.601405,0.600292,0.107003,0,PSF-00474_20240824130119,PFA-00562,PSA-00547,PSF-00474,RHS-0663,2.0.0,2024-07-11T20:02:46.325Z
67,13:01:40,8/24/24,Autogsw_F1s,KellerLab,,F1B,6,9,0.732101,2.917838,0.585257,7.952084,2.102861,1.879425,3.443778,1.340917,18.523441,20.725607,33.941555,0.441786,PSF-00474_20240824130140,0,0,0,82.01194,307.630066,0.733407,0.5,0.8,27.211725,49.46,44.2,29.97,26.35,101.46,156.2,155.2,0.6,93,3.854,-47,-66,4,96.45,-9999,73.9,112.04,10.76,163.45,34.63,16:17:41,8/24/24,44.433243,-73.195503,104.5,10,1.05,12:59:44,8/24/24,-0.17,-0.009,-0.004,0.012,-0.465,-0.122,0.153,1,150,0.005,2,0,rectangular,7000,10,5,2,55537,55537,55537,0,-9999,0,0,0,0,2.474245,2.445215,1.662471,0.836124,0.223961,-0.042266,0.419524,0.186134,82.01194,0.000223,2.402632,-0.000055,1,2.369919,-0.000062,1,0.601405,0.600292,0.107003,0,PSF-00474_20240824130140,PFA-00562,PSA-00547,PSF-00474,RHS-0663,2.0.0,2024-07-11T20:02:46.325Z
68,13:02:42,8/24/24,Autogsw_F1s,KellerLab,,F1B,6,10,0.706521,2.917836,0.568794,10.209665,2.258395,1.972005,4.023046,1.764651,19.437855,22.260784,39.654774,0.441786,PSF-00474_20240824130242,0,0,0,112.560509,216.283325,0.479569,0.5,0.8,328.591949,53.05,46.32,29.99,29.01,101.45,156.2,154.1,1.3,1713,3.853,4,-6,240,30.12,86.49,7.21,-63.57,10.76,163.87,34.58,16:18:43,8/24/24,44.433235,-73.195496,104.800003,11,0.98,12:59:44,8/24/24,-0.17,-0.004,-0.001,0.017,-1.13,-2.554,-7.062,1,150,0.005,2,0,rectangular,7000,10,5,2,55537,55537,55537,0,-9999,0,0,0,0,2.477197,2.449936,1.662469,0.834123,0.223777,-0.010886,0.424327,1.568301,112.560509,0.00022,2.402632,-0.000055,1,2.369919,-0.000062,1,0.601405,0.600292,0.107003,0,PSF-00474_20240824130242,PFA-00562,PSA-00547,PSF-00474,RHS-0663,2.0.0,2024-07-11T20:02:46.325Z
69,13:03:17,8/24/24,Autogsw_F1s,KellerLab,,F1B,6,10,1.005118,2.918226,0.747618,12.452658,2.177898,1.828415,3.817782,1.639884,18.022594,21.467434,37.631687,0.441786,PSF-00474_20240824130317,0,0,0,136.935715,243.82782,0.438392,0.5,0.8,306.341766,51.11,42.91,30,28.1,101.45,156.3,154.1,1.4,1747,3.852,0,-2,220,32.9,83.96,2,-50,10.76,164.3,34.54,16:19:18,8/24/24,44.433208,-73.195488,104.800003,11,0.98,12:59:44,8/24/24,-0.17,0.004,0.001,0.025,0.336,-1.039,-1.668,1,150,0.005,2,0,rectangular,7000,10,5,2,55537,55537,55537,0,-9999,0,0,0,0,2.47243,2.44739,1.662873,0.834051,0.223641,-0.021901,0.427085,1.597314,136.935715,0.000221,2.402632,-0.000055,1,2.369919,-0.000062,1,0.601405,0.600292,0.107003,0,PSF-00474_20240824130317,PFA-00562,PSA-00547,PSF-00474,RHS-0663,2.0.0,2024-07-11T20:02:46.325Z
70,13:03:52,8/24/24,Autogsw_F1s,KellerLab,,F1B,6,10,0.900221,2.916065,0.687869,11.898967,2.148798,1.81417,3.851923,1.703125,17.881256,21.179501,37.966251,0.441786,PSF-00474_20240824130352,0,0,0,135.354279,241.890198,0.440431,0.5,0.8,304.233978,50.38,42.53,30.02,28.26,101.46,156,154.5,1,1727,3.852,0,-1,219,33.72,83.17,1,-51,10.76,164.3,34.54,16:19:53,8/24/24,44.433193,-73.195442,105.300003,10,1.01,12:59:44,8/24/24,-0.17,0.003,0.002,0.015,-0.087,-2.879,-4.653,1,150,0.005,2,0,rectangular,7000,10,5,2,55537,55537,55537,0,-9999,0,0,0,0,2.471896,2.44642,1.660639,0.834759,0.223487,-0.020285,0.429947,1.580207,135.354279,0.000221,2.402632,-0.000055,1,2.369919,-0.000062,1,0.601405,0.600292,0.107003,0,PSF-00474_20240824130352,PFA-00562,PSA-00547,PSF-00474,RHS-0663,2.0.0,2024-07-11T20:02:46.325Z
71,13:04:49,8/24/24,Autogsw_F1s,KellerLab,,F1B,6,11,0.597753,2.917233,0.4961,7.795935,2.149804,1.93076,3.698229,1.548426,19.029907,21.188839,36.45039,0.441786,PSF-00474_20240824130449,0,0,0,73.095917,231.077316,0.683673,0.5,0.8,80.66922,50.39,45.26,30.02,27.56,101.46,156.1,155.4,0.5,295,3.849,-24,19,358,57.16,54.24,30.26,-141.75,10.76,164.72,34.49,16:20:50,8/24/24,44.433186,-73.195442,105.300003,11,0.98,12:59:44,8/24/24,-0.17,0.003,0.003,0.015,-0.077,0.038,0.639,1,150,0.005,2,0,rectangular,7000,10,5,2,55537,55537,55537,0,-9999,0,0,0,0,2.475702,2.446431,1.661845,0.836329,0.223444,-0.028664,0.434261,0.35865,73.095917,0.000219,2.402632,-0.000055,1,2.369919,-0.000062,1,0.601405,0.600292,0.107003,0,PSF-00474_20240824130449,PFA-00562,PSA-00547,PSF-00474,RHS-0663,2.0.0,2024-07-11T20:02:46.325Z
72,13:05:06,8/24/24,Autogsw_F1s,KellerLab,,F1B,6,11,0.6254,2.918971,0.515049,7.645835,2.075216,1.860523,3.539686,1.46447,18.337687,20.453739,34.887852,0.441786,PSF-00474_20240824130506,0,0,0,80.594658,260.09668,0.690136,0.5,0.8,333.953308,48.67,43.63,30.02,26.81,101.46,156.4,155.3,0.7,1210,3.849,-31,9,5,62.77,45.76,32.15,-157.91,10.76,165.15,34.44,16:21:07,8/24/24,44.433167,-73.195435,104.800003,10,1.12,12:59:44,8/24/24,-0.17,-0.002,-0.004,0.012,0.205,-0.459,0.459,1,150,0.005,2,0,rectangular,7000,10,5,2,55537,55537,55537,0,-9999,0,0,0,0,2.473434,2.444158,1.663646,0.836219,0.223518,-0.037396,0.435372,1.139014,80.594658,0.000221,2.402632,-0.000055,1,2.369919,-0.000062,1,0.601405,0.600292,0.107003,0,PSF-00474_20240824130506,PFA-00562,PSA-00547,PSF-00474,RHS-0663,2.0.0,2024-07-11T20:02:46.325Z
73,13:05:18,8/24/24,Autogsw_F1s,KellerLab,,F1B,6,11,0.664318,2.919436,0.541174,8.17422,2.134031,1.90472,3.623058,1.489027,18.773209,21.033327,35.7094,0.441786,PSF-00474_20240824130518,0,0,0,73.761818,218.2771,0.662073,0.5,0.8,45.227928,50.06,44.68,30.01,27.21,101.46,156.4,155.1,0.8,171,3.849,-30,20,358,62.93,45.51,35.53,-145.95,10.76,165.15,34.44,16:21:18,8/24/24,44.433193,-73.195465,105.199997,11,0.98,12:59:44,8/24/24,-0.17,-0.005,-0.002,0.016,0.165,0.137,1,1,150,0.005,2,0,rectangular,7000,10,5,2,55537,55537,55537,0,-9999,0,0,0,0,2.474906,2.446002,1.664129,0.835944,0.223571,-0.032644,0.43626,0.252694,73.761818,0.000223,2.402632,-0.000055,1,2.369919,-0.000062,1,0.601405,0.600292,0.107003,0,PSF-00474_20240824130518,PFA-00562,PSA-00547,PSF-00474,RHS-0663,2.0.0,2024-07-11T20:02:46.325Z
74,13:06:08,8/24/24,Autogsw_F1s,KellerLab,,F1B,6,12,0.383786,2.917693,0.339172,7.04377,2.219884,2.022206,4.25945,2.039566,19.933231,21.881779,41.986126,0.441786,PSF-00474_20240824130608,0,0,0,109.187721,168.720596,0.352849,0.5,0.8,252.964478,52.05,47.41,30.02,30,101.45,156.2,154.8,0.9,1792,3.848,-8,-1,292,38.9,77.82,8.06,104.85,10.76,165.57,34.4,16:22:05,8/24/24,44.433182,-73.195465,105.5,11,0.98,12:59:44,8/24/24,-0.17,0.001,0.001,0.016,-0.017,0.831,1.471,1,150,0.005,2,0,rectangular,7000,10,5,2,55537,55537,55537,0,-9999,0,0,0,0,2.478698,2.448609,1.66232,0.83535,0.223483,0.000719,0.439892,1.63599,109.187721,0.00022,2.402632,-0.000055,1,2.369919,-0.000062,1,0.601405,0.600292,0.107003,0,PSF-00474_20240824130608,PFA-00562,PSA-00547,PSF-00474,RHS-0663,2.0.0,2024-07-11T20:02:46.325Z
75,13:06:24,8/24/24,Autogsw_F1s,KellerLab,,F1B,6,12,0.359253,2.915719,0.319844,7.074346,2.246031,2.047228,4.416335,2.170304,20.178776,22.138309,43.530201,0.441786,PSF-00474_20240824130624,0,0,0,99.951622,149.283524,0.330458,0.5,0.8,231.749237,52.63,47.97,30.03,30.63,101.45,156,155.1,0.6,1753,3.817,-5,0,304,38.26,78.52,5,124,10.76,165.57,34.4,16:22:25,8/24/24,44.433167,-73.195427,105.199997,11,0.98,12:59:44,8/24/24,-0.17,0.006,0.005,0.016,-0.434,-1.037,-1.746,1,150,0.005,2,0,rectangular,7000,10,5,2,55537,55537,55537,0,-9999,0,0,0,0,2.479472,2.449374,1.660282,0.835787,0.2234,0.008329,0.441141,1.602672,99.951622,0.00022,2.402632,-0.000055,1,2.369919,-0.000062,1,0.601405,0.600292,0.107003,0,PSF-00474_20240824130624,PFA-00562,PSA-00547,PSF-00474,RHS-0663,2.0.0,2024-07-11T20:02:46.325Z
76,13:06:44,8/24/24,Autogsw_F1s,KellerLab,,F1B,6,12,0.415774,2.918775,0.363932,8.145096,2.270473,2.042176,4.46582,2.195346,20.128145,22.378292,44.016117,0.441786,PSF-00474_20240824130644,0,0,0,172.158844,250.701065,0.31329,0.5,0.8,229.996292,53.15,47.8,30.05,30.82,101.46,156.3,154.8,1,1835,3.847,-28,-14,307,53.78,59.09,31.05,99.03,10.76,165.57,34.4,16:22:45,8/24/24,44.433163,-73.19545,105.5,11,0.98,12:59:44,8/24/24,-0.17,0.001,0,0.007,-1.227,-3.251,-11.685,1,150,0.005,2,0,rectangular,7000,10,5,2,55537,55537,55537,0,-9999,0,0,0,0,2.479234,2.450048,1.663442,0.835407,0.223241,0.010506,0.442704,1.672697,172.158844,0.00022,2.402632,-0.000055,1,2.369919,-0.000062,1,0.601405,0.600292,0.107003,0,PSF-00474_20240824130644,PFA-00562,PSA-00547,PSF-00474,RHS-0663,2.0.0,2024-07-11T20:02:46.325Z
78,13:08:42,8/24/24,Autogsw_F1s,KellerLab,,F1B,7,12,1.045538,2.917233,0.769683,9.350359,2.138911,1.876195,3.33806,1.199149,18.494247,21.083923,32.904312,0.441786,PSF-00474_20240824130842,0,0,0,91.763374,295.924194,0.689909,0.5,0.8,311.550781,49.94,43.8,30.09,25.82,101.45,156.1,153.7,1.6,1129,3.845,30,0,207,59.92,50.12,30,-153,10.76,166.43,34.31,16:24:43,8/24/24,44.433167,-73.195419,105.400002,10,1.16,12:59:44,8/24/24,-0.17,0.005,0.003,0.012,0.417,-0.119,-0.447,1,150,0.005,2,0,rectangular,7000,10,5,2,55537,55537,55537,0,-9999,0,0,0,0,2.473655,2.445814,1.661845,0.833381,0.222835,-0.049982,0.45199,1.0701,91.763374,0.000222,2.402632,-0.000055,1,2.369919,-0.000062,1,0.601405,0.600292,0.107003,0,PSF-00474_20240824130842,PFA-00562,PSA-00547,PSF-00474,RHS-0663,2.0.0,2024-07-11T20:02:46.325Z
79,13:09:43,8/24/24,Autogsw_F1s,KellerLab,,F1B,7,12,1.018696,2.919346,0.755179,10.674603,2.194397,1.895117,3.587618,1.393222,18.679388,21.629261,35.361671,0.441786,PSF-00474_20240824130943,0,0,0,111.886024,304.821625,0.632946,0.5,0.8,274.702698,51.05,44.08,30.16,27.04,101.46,156.4,154.1,1.4,1085,3.844,26,5,195,60,49.99,26.44,-176.29,10.76,166.86,34.27,16:25:40,8/24/24,44.433136,-73.195442,104.800003,12,0.85,13:09:06,8/24/24,-0.13,0.005,0.001,-0.001,-4.195,-0.97,6.368,1,150,0.005,2,0,rectangular,7000,10,5,2,55537,55537,55537,0,-9999,0,0,0,0,2.474033,2.447207,1.664035,0.834147,0.222282,-0.036409,0.456479,1.032616,111.886024,0.000216,2.402632,-0.000055,1,2.369919,-0.000062,1,0.601405,0.600292,0.107003,0,PSF-00474_20240824130943,PFA-00562,PSA-00547,PSF-00474,RHS-0663,2.0.0,2024-07-11T20:02:46.325Z
80,13:09:58,8/24/24,Autogsw_F1s,KellerLab,,F1B,7,12,0.983081,2.91866,0.735384,9.771309,2.08402,1.809638,3.395564,1.311544,17.838434,20.543146,33.471642,0.441786,PSF-00474_20240824130958,0,0,0,113.73246,289.510834,0.607157,0.5,0.8,199.939301,48.52,42.13,30.14,26.11,101.45,156.3,154.1,1.4,823,3.843,33,2,167,67.29,38.61,33.05,163.33,10.76,166.86,34.27,16:25:59,8/24/24,44.433182,-73.19545,103.900002,12,0.85,13:09:06,8/24/24,-0.13,0.006,0.001,0.024,-3.433,-4.067,-7.811,1,150,0.005,2,0,rectangular,7000,10,5,2,55537,55537,55537,0,-9999,0,0,0,0,2.471293,2.443874,1.663323,0.834023,0.222398,-0.047219,0.457535,0.809316,113.73246,0.000217,2.402632,-0.000055,1,2.369919,-0.000062,1,0.601405,0.600292,0.107003,0,PSF-00474_20240824130958,PFA-00562,PSA-00547,PSF-00474,RHS-0663,2.0.0,2024-07-11T20:02:46.325Z
81,13:10:38,8/24/24,Autogsw_F1s,KellerLab,,F1B,7,11,0.654001,2.917666,0.534248,10.15049,2.062851,1.777531,3.933357,1.870506,17.521601,20.334074,38.772152,0.441786,PSF-00474_20240824131038,0,0,0,200.352066,292.993073,0.316188,0.5,0.8,239.990143,48.18,41.52,30.09,28.62,101.45,156.2,153.8,1.6,1898,3.843,41,-10,326,8.66,98.86,41.99,-18.96,10.76,167.29,34.23,16:26:39,8/24/24,44.433174,-73.195465,103.5,12,0.85,13:09:06,8/24/24,-0.13,-0.005,-0.004,-0.016,-0.723,0.545,17.134,1,150,0.005,2,0,rectangular,7000,10,5,2,55537,55537,55537,0,-9999,0,0,0,0,2.470447,2.443446,1.662293,0.833465,0.222901,-0.016782,0.460539,1.725756,200.352066,0.00022,2.402632,-0.000055,1,2.369919,-0.000062,1,0.601405,0.600292,0.107003,0,PSF-00474_20240824131038,PFA-00562,PSA-00547,PSF-00474,RHS-0663,2.0.0,2024-07-11T20:02:46.325Z
82,13:11:26,8/24/24,Autogsw_F1s,KellerLab,,F1B,7,11,0.798345,2.918167,0.626852,8.724581,2.083522,1.838451,3.456814,1.373292,18.123577,20.539501,34.077503,0.441786,PSF-00474_20240824131126,0,0,0,86.209419,287.249573,0.69988,0.5,0.8,531.325562,48.84,43.1,30.02,26.41,101.44,156.3,153.8,1.6,1898,3.841,39,-19,323,8.86,98.81,42.71,-8.32,10.76,167.72,34.19,16:27:27,8/24/24,44.433167,-73.195488,103.599998,12,0.85,13:09:06,8/24/24,-0.13,-0.006,-0.005,-0.016,0.109,0.174,0.137,1,150,0.005,2,0,rectangular,7000,10,5,2,55537,55537,55537,0,-9999,0,0,0,0,2.472684,2.444336,1.662812,0.833446,0.223461,-0.042204,0.464292,1.726091,86.209419,0.000223,2.402632,-0.000055,1,2.369919,-0.000062,1,0.601405,0.600292,0.107003,0,PSF-00474_20240824131126,PFA-00562,PSA-00547,PSF-00474,RHS-0663,2.0.0,2024-07-11T20:02:46.325Z
83,13:12:04,8/24/24,Autogsw_F1s,KellerLab,,F1B,7,11,0.674432,2.918583,0.547837,10.509249,2.102629,1.8076,3.990004,1.887374,17.820591,20.729189,39.33625,0.441786,PSF-00474_20240824131204,0,0,0,195.139648,284.568787,0.314262,0.5,0.8,230.435028,49.48,42.53,29.96,28.86,101.43,156.3,153.7,1.7,1833,3.841,41,10,347,12.64,97.58,41.99,-28.04,10.76,168.16,34.16,16:28:05,8/24/24,44.433201,-73.195488,103.099998,12,0.85,13:09:06,8/24/24,-0.13,0.001,0,-0.025,-2.187,-2.136,11.294,1,150,0.005,2,0,rectangular,7000,10,5,2,55537,55537,55537,0,-9999,0,0,0,0,2.47191,2.445192,1.663244,0.833288,0.224042,-0.012238,0.467258,1.670834,195.139648,0.000218,2.402632,-0.000055,1,2.369919,-0.000062,1,0.601405,0.600292,0.107003,0,PSF-00474_20240824131204,PFA-00562,PSA-00547,PSF-00474,RHS-0663,2.0.0,2024-07-11T20:02:46.325Z
85,13:13:03,8/24/24,Autogsw_F1s,KellerLab,,F1B,7,10,0.505449,2.918492,0.430833,8.418266,1.997782,1.761189,3.921888,1.924107,17.363163,19.695677,38.665009,0.441786,PSF-00474_20240824131303,0,0,0,133.49498,227.706665,0.413741,0.5,0.8,262.221924,47.23,41.64,29.87,28.57,101.43,156.3,154.9,0.9,1584,3.84,13,0,253,37.4,79.44,13,-107,10.76,168.59,34.12,16:29:04,8/24/24,44.433235,-73.195496,102.300003,11,0.96,13:09:06,8/24/24,-0.13,0.005,0.004,0.013,-0.628,-0.228,0.043,1,150,0.005,2,0,rectangular,7000,10,5,2,55537,55537,55537,0,-9999,0,0,0,0,2.470667,2.442241,1.663148,0.835492,0.224764,-0.014816,0.47136,1.45868,133.49498,0.000221,2.402632,-0.000055,1,2.369919,-0.000062,1,0.601405,0.600292,0.107003,0,PSF-00474_20240824131303,PFA-00562,PSA-00547,PSF-00474,RHS-0663,2.0.0,2024-07-11T20:02:46.325Z
86,13:13:18,8/24/24,Autogsw_F1s,KellerLab,,F1B,7,10,0.536894,2.917667,0.453452,8.670946,2.025723,1.781942,3.908562,1.882839,17.567982,19.971394,38.534103,0.441786,PSF-00474_20240824131318,0,0,0,124.707344,223.30928,0.441549,0.5,0.8,279.049835,47.92,42.16,29.86,28.51,101.43,156.2,154.9,0.9,1580,3.839,10,-1,225,39.7,76.94,10.05,-129.26,10.76,168.59,34.12,16:29:19,8/24/24,44.433239,-73.195503,102.5,12,0.85,13:09:06,8/24/24,-0.13,-0.004,-0.004,0.021,-1.979,-1.498,-1.983,1,150,0.005,2,0,rectangular,7000,10,5,2,55537,55537,55537,0,-9999,0,0,0,0,2.471403,2.443164,1.662294,0.835452,0.224871,-0.015372,0.472448,1.454836,124.707344,0.000217,2.402632,-0.000055,1,2.369919,-0.000062,1,0.601405,0.600292,0.107003,0,PSF-00474_20240824131318,PFA-00562,PSA-00547,PSF-00474,RHS-0663,2.0.0,2024-07-11T20:02:46.325Z
87,13:13:33,8/24/24,Autogsw_F1s,KellerLab,,F1B,7,10,0.502275,2.920179,0.428562,8.464281,2.041075,1.803606,3.984928,1.943852,17.781128,20.12225,39.286015,0.441786,PSF-00474_20240824131333,0,0,0,138.412003,238.709808,0.420166,0.5,0.8,284.061493,48.31,42.69,29.86,28.84,101.43,156.5,154.9,1,1690,3.839,10,-8,255,28.45,87.92,12.78,-66.02,10.76,168.59,34.12,16:29:34,8/24/24,44.43322,-73.195465,102.400002,13,0.8,13:09:06,8/24/24,-0.13,-0.002,0,0.019,0.846,1.82,4.709,1,150,0.005,2,0,rectangular,7000,10,5,2,55537,55537,55537,0,-9999,0,0,0,0,2.472149,2.443671,1.664901,0.835478,0.224931,-0.01128,0.473499,1.548867,138.412003,0.000219,2.402632,-0.000055,1,2.369919,-0.000062,1,0.601405,0.600292,0.107003,0,PSF-00474_20240824131333,PFA-00562,PSA-00547,PSF-00474,RHS-0663,2.0.0,2024-07-11T20:02:46.325Z
88,13:14:56,8/24/24,Autogsw_F1s,KellerLab,,F1B,7,9,0.166996,2.917398,0.157954,4.323287,1.928902,1.807205,4.615671,2.686769,17.816345,19.016094,45.50362,0.441786,PSF-00474_20240824131456,0,0,0,199.432968,227.182739,0.122147,0.5,0.8,90.064781,45.53,42.66,29.9,31.4,101.44,156.2,155,0.7,1843,3.808,-21,-2,304,49.86,64.47,21.09,118.43,10.76,169.02,34.09,16:30:57,8/24/24,44.433235,-73.195488,103.5,10,1,13:09:06,8/24/24,-0.13,0.001,0,0.022,-1.539,-1.901,-3.72,1,150,0.005,2,0,rectangular,7000,10,5,2,55537,55537,55537,0,-9999,0,0,0,0,2.4721,2.439976,1.662016,0.835724,0.224527,0.019445,0.479649,1.679551,199.432968,0.00022,2.402632,-0.000055,1,2.369919,-0.000062,1,0.601405,0.600292,0.107003,0,PSF-00474_20240824131456,PFA-00562,PSA-00547,PSF-00474,RHS-0663,2.0.0,2024-07-11T20:02:46.325Z
89,13:15:14,8/24/24,Autogsw_F1s,KellerLab,,F1B,7,9,0.113541,2.918139,0.109288,3.85955,2.026939,1.918456,5.477005,3.450065,18.911243,19.980625,53.989758,0.441786,PSF-00474_20240824131514,0,0,0,95.199821,116.526962,0.183023,0.5,0.8,134.668304,47.78,45.22,29.93,34.44,101.45,156.3,155.1,0.7,1839,3.836,-15,1,292,44.44,71.4,15.03,115.86,10.76,169.46,34.05,16:31:14,8/24/24,44.433239,-73.195496,103.400002,10,1,13:09:06,8/24/24,-0.13,0,-0.001,-9999,-0.295,-1.082,-9999,1,150,0.005,2,0,rectangular,7000,10,5,2,55537,55537,55537,0,-9999,0,0,0,0,2.475678,2.442954,1.662783,0.835901,0.224308,0.057564,0.480988,1.676253,95.199821,0.000224,2.402632,-0.000055,1,2.369919,-0.000062,1,0.601405,0.600292,0.107003,0,PSF-00474_20240824131514,PFA-00562,PSA-00547,PSF-00474,RHS-0663,2.0.0,2024-07-11T20:02:46.325Z
90,13:15:30,8/24/24,Autogsw_F1s,KellerLab,,F1B,7,9,0.187626,2.918612,0.176293,5.291373,2.074009,1.925423,5.012176,2.938166,18.982025,20.446884,49.41317,0.441786,PSF-00474_20240824131530,0,0,0,186.629181,213.091141,0.124181,0.5,0.8,95.662979,48.79,45.29,29.96,32.86,101.43,156.3,155.1,0.8,1926,3.835,-15,-10,301,39.98,76.63,17.96,86.73,10.76,169.46,34.05,16:31:31,8/24/24,44.433266,-73.195503,103,12,0.86,13:09:06,8/24/24,-0.13,0.001,0,-9999,-1.322,-3.812,-9999,1,150,0.005,2,0,rectangular,7000,10,5,2,55537,55537,55537,0,-9999,0,0,0,0,2.475772,2.444284,1.663274,0.835885,0.224,0.036938,0.482277,1.749938,186.629181,0.000224,2.402632,-0.000055,1,2.369919,-0.000062,1,0.601405,0.600292,0.107003,0,PSF-00474_20240824131530,PFA-00562,PSA-00547,PSF-00474,RHS-0663,2.0.0,2024-07-11T20:02:46.325Z
91,13:16:27,8/24/24,Autogsw_F1s,KellerLab,,F1B,7,8,0.418082,2.919693,0.365714,8.582234,2.179269,1.938713,4.481663,2.302394,19.11149,21.482851,44.179447,0.441786,PSF-00474_20240824131627,0,0,0,99.961639,162.039398,0.383103,0.5,0.8,280.254089,51.05,45.41,30.04,30.88,101.44,156.5,154.8,1.1,1829,3.835,-10,-5,168,24.73,90.83,11.17,-38.74,10.76,169.89,34.02,16:32:28,8/24/24,44.433262,-73.195503,102.5,13,0.81,13:09:06,8/24/24,-0.13,0.004,0.002,0.012,-1.055,0.58,-11.181,1,150,0.005,2,0,rectangular,7000,10,5,2,55537,55537,55537,0,-9999,0,0,0,0,2.475916,2.44724,1.664396,0.835263,0.223342,0.011411,0.486561,1.667165,99.961639,0.00022,2.402632,-0.000055,1,2.369919,-0.000062,1,0.601405,0.600292,0.107003,0,PSF-00474_20240824131627,PFA-00562,PSA-00547,PSF-00474,RHS-0663,2.0.0,2024-07-11T20:02:46.325Z
92,13:17:06,8/24/24,Autogsw_F1s,KellerLab,,F1B,7,8,0.360881,2.918202,0.321164,7.526264,2.048324,1.836876,4.350186,2.301862,18.110636,20.19541,42.890564,0.441786,PSF-00474_20240824131706,0,0,0,97.451088,151.791214,0.357993,0.5,0.8,266.723328,47.84,42.9,30.09,30.36,101.43,156.3,154.8,1,1863,3.833,0,-8,292,27.47,88.73,8,22,10.76,170.33,33.99,16:33:07,8/24/24,44.433254,-73.195511,102.400002,13,0.85,13:09:06,8/24/24,-0.13,0.001,0.003,0.011,-0.67,-0.156,-4.106,1,150,0.005,2,0,rectangular,7000,10,5,2,55537,55537,55537,0,-9999,0,0,0,0,2.472398,2.442999,1.662848,0.835245,0.222905,0.004407,0.48953,1.695989,97.451088,0.000218,2.402632,-0.000055,1,2.369919,-0.000062,1,0.601405,0.600292,0.107003,0,PSF-00474_20240824131706,PFA-00562,PSA-00547,PSF-00474,RHS-0663,2.0.0,2024-07-11T20:02:46.325Z
93,13:17:27,8/24/24,Autogsw_F1s,KellerLab,,F1B,7,8,0.398755,2.917706,0.350811,7.969592,2.103865,1.879992,4.334931,2.231066,18.53524,20.742445,42.738995,0.441786,PSF-00474_20240824131727,0,0,0,100.632904,161.852722,0.378244,0.5,0.8,271.951111,49.11,43.88,30.1,30.3,101.43,156.2,154.6,1,1797,3.832,5,-3,293,28.87,87.57,5.83,-35.98,10.76,170.33,33.99,16:33:28,8/24/24,44.433247,-73.195503,102.300003,13,0.84,13:09:06,8/24/24,-0.13,-0.001,-0.003,0.013,-0.014,0.188,-2.742,1,150,0.005,2,0,rectangular,7000,10,5,2,55537,55537,55537,0,-9999,0,0,0,0,2.473765,2.444668,1.662335,0.834928,0.222803,0.003514,0.490824,1.64039,100.632904,0.000219,2.402632,-0.000055,1,2.369919,-0.000062,1,0.601405,0.600292,0.107003,0,PSF-00474_20240824131727,PFA-00562,PSA-00547,PSF-00474,RHS-0663,2.0.0,2024-07-11T20:02:46.325Z
94,13:18:39,8/24/24,Autogsw_F1s,KellerLab,,F1B,7,6,0.680574,2.91833,0.551873,8.793288,2.079604,1.832674,3.64994,1.570336,18.070095,20.504818,35.988274,0.441786,PSF-00474_20240824131839,0,0,0,87.380646,243.427628,0.641041,0.5,0.8,417.117493,48.47,42.71,30.12,27.33,101.42,156.3,155.3,0.6,1627,3.829,5,6,296,36.68,80.2,7.8,-114.33,10.76,170.76,33.96,16:34:40,8/24/24,44.433273,-73.19548,102.300003,12,0.9,13:09:06,8/24/24,-0.13,-0.003,-0.002,0.004,0.396,0.495,-3.57,1,150,0.005,2,0,rectangular,7000,10,5,2,55537,55537,55537,0,-9999,0,0,0,0,2.472119,2.443815,1.662981,0.836263,0.222569,-0.032538,0.495536,1.494736,87.380646,0.000219,2.402632,-0.000055,1,2.369919,-0.000062,1,0.601405,0.600292,0.107003,0,PSF-00474_20240824131839,PFA-00562,PSA-00547,PSF-00474,RHS-0663,2.0.0,2024-07-11T20:02:46.325Z
96,13:20:33,8/24/24,Autogsw_F1s,KellerLab,,F1B,7,6,0.762466,2.917445,0.604485,8.934289,2.131679,1.880753,3.588355,1.456676,18.544708,21.018898,35.382092,0.441786,PSF-00474_20240824132033,0,0,0,96.046684,285.167084,0.663191,0.5,0.8,415.633698,49.53,43.7,30.18,27.04,101.42,156.2,155.1,0.7,1567,3.825,11,8,294,37.1,79.76,13.57,-102.37,10.76,171.64,33.91,16:36:34,8/24/24,44.433285,-73.19545,101.099998,14,0.79,13:19:34,8/24/24,-0.13,0.002,0.004,0.025,-0.177,0.542,1.677,1,150,0.005,2,0,rectangular,7000,10,5,2,55537,55537,55537,0,-9999,0,0,0,0,2.473491,2.445207,1.662065,0.835791,0.222108,-0.036609,0.503706,1.443614,96.046684,0.000221,2.402632,-0.000055,1,2.369919,-0.000062,1,0.601405,0.600292,0.107003,0,PSF-00474_20240824132033,PFA-00562,PSA-00547,PSF-00474,RHS-0663,2.0.0,2024-07-11T20:02:46.325Z
97,13:21:47,8/24/24,Autogsw_F1s,KellerLab,,F1B,7,6,0.674993,2.919147,0.548227,8.624072,2.048345,1.806245,3.599357,1.551013,17.809423,20.196507,35.489357,0.441786,PSF-00474_20240824132147,0,0,0,99.573257,286.560059,0.652522,0.5,0.8,404.805115,47.39,41.79,30.25,27.1,101.42,156.4,154.7,1.1,1551,3.827,11,10,288,40.42,76.13,14.82,-114.74,10.76,172.08,33.88,16:37:48,8/24/24,44.433277,-73.195442,102.699997,15,0.75,13:19:34,8/24/24,-0.13,0.004,-0.003,0.034,-0.77,-1.599,-15.41,1,150,0.005,2,0,rectangular,7000,10,5,2,55537,55537,55537,0,-9999,0,0,0,0,2.470786,2.442353,1.663828,0.835137,0.221443,-0.03692,0.508957,1.430076,99.573257,0.000228,2.402632,-0.000055,1,2.369919,-0.000062,1,0.601405,0.600292,0.107003,0,PSF-00474_20240824132147,PFA-00562,PSA-00547,PSF-00474,RHS-0663,2.0.0,2024-07-11T20:02:46.325Z
98,13:23:01,8/24/24,Autogsw_F1s,KellerLab,,F1B,7,5,0.254377,2.919383,0.233989,6.043653,2.131569,1.962077,4.663452,2.531883,19.34549,21.016621,45.980225,0.441786,PSF-00474_20240824132301,0,0,0,125.971558,174.165131,0.276712,0.5,0.8,213.071091,49.12,45.22,30.32,31.58,101.42,156.4,155.3,0.7,1925,3.826,-16,-9,306,41.51,74.88,18.3,96.12,10.76,172.95,33.84,16:39:02,8/24/24,44.433292,-73.195465,103.400002,14,0.8,13:19:34,8/24/24,-0.13,0.002,0.003,-9999,-4.619,-2.624,-9999,1,150,0.005,2,0,rectangular,7000,10,5,2,55537,55537,55537,0,-9999,0,0,0,0,2.475572,2.444631,1.664073,0.836293,0.220857,0.016569,0.513868,1.749217,125.971558,0.000218,2.402632,-0.000055,1,2.369919,-0.000062,1,0.601405,0.600292,0.107003,0,PSF-00474_20240824132301,PFA-00562,PSA-00547,PSF-00474,RHS-0663,2.0.0,2024-07-11T20:02:46.325Z
99,13:23:46,8/24/24,Autogsw_F1s,KellerLab,,F1B,7,5,0.661084,2.916963,0.538941,9.739262,2.130391,1.856735,3.908641,1.77825,18.306932,21.00511,38.538208,0.441786,PSF-00474_20240824132346,0,0,0,92.762589,251.951691,0.631824,0.5,0.8,471.294495,48.94,42.66,30.37,28.51,101.42,156.1,155.4,0.5,1865,3.825,-24,-17,307,46.2,69.21,29.12,90.07,10.76,172.95,33.84,16:39:47,8/24/24,44.433281,-73.195465,103.199997,14,0.8,13:19:34,8/24/24,-0.13,0.001,0.003,0.015,0.641,1.352,-3.559,1,150,0.005,2,0,rectangular,7000,10,5,2,55537,55537,55537,0,-9999,0,0,0,0,2.471977,2.444378,1.661566,0.836388,0.220381,-0.021605,0.516934,1.697854,92.762589,0.000222,2.402632,-0.000055,1,2.369919,-0.000062,1,0.601405,0.600292,0.107003,0,PSF-00474_20240824132346,PFA-00562,PSA-00547,PSF-00474,RHS-0663,2.0.0,2024-07-11T20:02:46.325Z
100,13:24:02,8/24/24,Autogsw_F1s,KellerLab,,F1B,7,5,0.36413,2.919922,0.323756,8.342927,2.184902,1.951153,4.709668,2.524765,19.237684,21.542366,46.435665,0.441786,PSF-00474_20240824132402,0,0,0,100.581406,130.276321,0.227938,0.5,0.8,177.463318,50.15,44.79,30.39,31.76,101.42,156.5,155,1,1946,3.824,-25,-14,302,46.1,69.34,28.43,91.46,10.76,173.39,33.81,16:40:03,8/24/24,44.433304,-73.195488,103.5,14,0.8,13:19:34,8/24/24,-0.13,0.002,-0.001,0.007,-1.539,-3.991,-10.443,1,150,0.005,2,0,rectangular,7000,10,5,2,55537,55537,55537,0,-9999,0,0,0,0,2.474953,2.445968,1.664633,0.835596,0.22025,0.017871,0.518024,1.76745,100.581406,0.000225,2.402632,-0.000055,1,2.369919,-0.000062,1,0.601405,0.600292,0.107003,0,PSF-00474_20240824132402,PFA-00562,PSA-00547,PSF-00474,RHS-0663,2.0.0,2024-07-11T20:02:46.325Z
106,13:27:49,8/24/24,Autogsw_F1s,KellerLab,,F1B,7,1,0.381755,2.915816,0.337559,8.031772,2.220505,1.994822,4.553191,2.332686,19.667955,21.893074,44.892197,0.441786,PSF-00474_20240824132749,0,0,0,177.864792,231.106995,0.230379,0.5,0.8,166.112366,49.74,44.68,30.82,31.16,101.43,156,154.9,0.7,1803,3.818,-16,-7,320,45.02,70.68,17.43,115.99,10.76,174.71,33.76,16:43:49,8/24/24,44.433357,-73.195511,100.5,13,0.87,13:25:05,8/24/24,-0.08,0.001,0.001,0.017,-2.242,-0.982,-9.315,1,150,0.005,2,0,rectangular,7000,10,5,2,55537,55537,55537,0,-9999,0,0,0,0,2.474703,2.445241,1.660382,0.835541,0.216582,0.005259,0.533267,1.644776,177.864792,0.00022,2.402632,-0.000055,1,2.369919,-0.000062,1,0.601405,0.600292,0.107003,0,PSF-00474_20240824132749,PFA-00562,PSA-00547,PSF-00474,RHS-0663,2.0.0,2024-07-11T20:02:46.325Z
107,13:28:14,8/24/24,Autogsw_F1s,KellerLab,,F1B,7,1,0.450743,2.916819,0.390412,9.404681,2.260401,1.996456,4.620759,2.360359,19.684057,22.286427,45.558384,0.441786,PSF-00474_20240824132814,0,0,0,131.792664,186.045166,0.291609,0.5,0.8,195.591858,50.54,44.63,30.85,31.42,101.43,156.1,154.3,1.1,1677,3.816,-24,2,313,54.64,57.88,24.08,137.91,10.76,175.15,33.74,16:44:15,8/24/24,44.433353,-73.195496,100.599998,13,0.87,13:25:05,8/24/24,-0.08,0.004,0.004,0.012,-1.139,-1.715,-5.301,1,150,0.005,2,0,rectangular,7000,10,5,2,55537,55537,55537,0,-9999,0,0,0,0,2.474625,2.44628,1.661417,0.834445,0.216293,0.008041,0.534998,1.537485,131.792664,0.000225,2.402632,-0.000055,1,2.369919,-0.000062,1,0.601405,0.600292,0.107003,0,PSF-00474_20240824132814,PFA-00562,PSA-00547,PSF-00474,RHS-0663,2.0.0,2024-07-11T20:02:46.325Z
108,13:28:31,8/24/24,Autogsw_F1s,KellerLab,,F1B,7,1,0.446755,2.918025,0.387437,9.737719,2.205219,1.932048,4.667901,2.462682,19.049971,21.743429,46.025444,0.441786,PSF-00474_20240824132831,0,0,0,125.299927,172.696716,0.274451,0.5,0.8,197.473969,49.26,43.16,30.87,31.6,101.42,156.2,155,0.8,1799,3.817,-18,-7,317,46.15,69.28,19.27,115.33,10.76,175.15,33.74,16:44:32,8/24/24,44.433361,-73.19548,100.300003,13,0.84,13:25:05,8/24/24,-0.08,0.003,0.004,0.01,-0.794,-2.123,-5.624,1,150,0.005,2,0,rectangular,7000,10,5,2,55537,55537,55537,0,-9999,0,0,0,0,2.472558,2.444595,1.662665,0.835694,0.216163,0.010065,0.536099,1.641543,125.299927,0.000221,2.402632,-0.000055,1,2.369919,-0.000062,1,0.601405,0.600292,0.107003,0,PSF-00474_20240824132831,PFA-00562,PSA-00547,PSF-00474,RHS-0663,2.0.0,2024-07-11T20:02:46.325Z